food_name,food_category,packaging_material,packaging_type,storage_temperature,temperature_unit,relative_humidity,atmosphere,storage_condition,initial_quality,shelf_life_value,shelf_life_unit,shelf_life_min,shelf_life_max,observed_quality_change,source,source_document,page_number
Soy butter,Processed food (nut/legume butter),,Ambient storage,Ambient,C,,Aerobic,Ambient,,45,days,,,No artificial preservatives; comparable to peanut butter,ICAR-DARE Annual Report 2011-12 (Post-Harvest Management and Value-Addition),PHM-Value-addtion-AR-2011-12_0-ICAR.pdf,3
Soy butter,Processed food (nut/legume butter),,Refrigerated,5,C,,Aerobic,Refrigerated,,60,days,,,,ICAR-DARE Annual Report 2011-12 (Post-Harvest Management and Value-Addition),PHM-Value-addtion-AR-2011-12_0-ICAR.pdf,3
"Soy paneer (tofu), untreated",Dairy/soy analogue,None (fresh),,Ambient,C,,Aerobic,"Ambient, untreated",,3-4,hours,3,4,Poor keeping quality,ICAR-DARE Annual Report 2011-12 (Post-Harvest Management and Value-Addition),PHM-Value-addtion-AR-2011-12_0-ICAR.pdf,3
"Soy paneer (tofu), untreated",Dairy/soy analogue,None (fresh),,5,C,,Aerobic,"Refrigerated, untreated",,4,days,,,,ICAR-DARE Annual Report 2011-12 (Post-Harvest Management and Value-Addition),PHM-Value-addtion-AR-2011-12_0-ICAR.pdf,3
"Soy paneer (tofu), treated",Dairy/soy analogue,Retortable pouch,Retort pouch,Ambient,C,,Sealed/autoclaved,"Room temperature, autoclaved in retortable pouch",,18,days,,,Extended via retort processing,ICAR-DARE Annual Report 2011-12 (Post-Harvest Management and Value-Addition),PHM-Value-addtion-AR-2011-12_0-ICAR.pdf,3
"Soy paneer (tofu), treated",Dairy/soy analogue,Retortable pouch,Retort pouch,5,C,,Sealed/autoclaved,"Refrigerated, autoclaved in retortable pouch",,45,days,,,,ICAR-DARE Annual Report 2011-12 (Post-Harvest Management and Value-Addition),PHM-Value-addtion-AR-2011-12_0-ICAR.pdf,3
Rohu/Catla fish chunks (spice-mix + probiotic treated),Marine/freshwater fish,"PE, PP, laminated PP (evaluated)",Chunks/patties,5,C,,Chilled,Chilling,,12,days,,,Enhanced keeping quality vs untreated,ICAR-DARE Annual Report 2011-12 (Post-Harvest Management and Value-Addition),PHM-Value-addtion-AR-2011-12_0-ICAR.pdf,3
Rohu/Catla fish chunks (spice-mix + probiotic treated),Marine/freshwater fish,"PE, PP, laminated PP (evaluated)",Chunks/patties,-20,C,,Frozen,Freezing,,1,month,,,,ICAR-DARE Annual Report 2011-12 (Post-Harvest Management and Value-Addition),PHM-Value-addtion-AR-2011-12_0-ICAR.pdf,3
Ready-to-eat/cook fish patties,Marine/freshwater fish,Laminated PP,Vacuum pack / MAP,,,,Vacuum/MAP,Chilled or frozen,,3,months,,,Laminated PP found most suitable for vacuum & MAP,ICAR-DARE Annual Report 2011-12 (Post-Harvest Management and Value-Addition),PHM-Value-addtion-AR-2011-12_0-ICAR.pdf,3
"Fish cut-up parts, fingers, chunks, nuggets",Marine/freshwater fish,"Polypropylene (rigid, 500 micron, with lid)",Rigid container,,,,Chilled,Chilled,,7,days,,,,ICAR-DARE Annual Report 2011-12 (Post-Harvest Management and Value-Addition),PHM-Value-addtion-AR-2011-12_0-ICAR.pdf,3
"Fish cut-up parts, fingers, chunks, nuggets",Marine/freshwater fish,"Polypropylene (rigid, 500 micron, with lid)",Rigid container,,,,Frozen,Frozen,,3,months,,,,ICAR-DARE Annual Report 2011-12 (Post-Harvest Management and Value-Addition),PHM-Value-addtion-AR-2011-12_0-ICAR.pdf,3
Sapota (sapodilla),Fruit,PD-961 selectively permeable film,MA packing,10,C,,Modified atmosphere,MA packing at 10C,,3,weeks,,,Shelf life extension,ICAR-DARE Annual Report 2011-12 (Post-Harvest Management and Value-Addition),PHM-Value-addtion-AR-2011-12_0-ICAR.pdf,4
Aonla (Indian gooseberry),Fruit,PD-961 selectively permeable film,MA packing,12,C,,Modified atmosphere,MA packing at 12C,,3,weeks,,,,ICAR-DARE Annual Report 2011-12 (Post-Harvest Management and Value-Addition),PHM-Value-addtion-AR-2011-12_0-ICAR.pdf,4
"Guava (matured green, 1-MCP treated)",Fruit,,,Ambient,C,,,"Room temperature, 500ppb 1-MCP treated",,1,week,,,Kept in unripe green condition,ICAR-DARE Annual Report 2011-12 (Post-Harvest Management and Value-Addition),PHM-Value-addtion-AR-2011-12_0-ICAR.pdf,4
"Guava (matured green, 1-MCP treated)",Fruit,,,12,C,,,"12C, 500ppb 1-MCP treated",,3,weeks,,,,ICAR-DARE Annual Report 2011-12 (Post-Harvest Management and Value-Addition),PHM-Value-addtion-AR-2011-12_0-ICAR.pdf,4
Litchi,Fruit,"Perforated polythene bags (200-gauge), litchi-leaf lined",Perforated film bag,Ambient,C,,,"Pre-cooled, then ambient",,4,days,,,Kept better than unpackaged,ICAR-DARE Annual Report 2011-12 (Post-Harvest Management and Value-Addition),PHM-Value-addtion-AR-2011-12_0-ICAR.pdf,4
"Apple cv Mollies Delicious, untreated",Fruit,,,Ambient,C,,,Untreated baseline,,2,weeks,,,"Minimum shelf-life, quality deteriorates fast",ICAR-DARE Annual Report 2011-12 (Post-Harvest Management and Value-Addition),PHM-Value-addtion-AR-2011-12_0-ICAR.pdf,4
Apple cv Mollies Delicious (Aloe vera + shrink wrap),Fruit,Shrink wrap film (25 micron),Shrink wrap,5,C,,,"50% Aloe vera gel coat + shrink wrap, 5±2C",,68,days,,,Substantially extended shelf life,ICAR-DARE Annual Report 2011-12 (Post-Harvest Management and Value-Addition),PHM-Value-addtion-AR-2011-12_0-ICAR.pdf,4
Jasminum sambac (flowers),Cut flower,PE (100-gauge),Bag,6,C,,,"Packed in PE, stored 6C",,9,days,,,9-day extension over 2-day RT control,ICAR-DARE Annual Report 2011-12 (Post-Harvest Management and Value-Addition),PHM-Value-addtion-AR-2011-12_0-ICAR.pdf,4
Ground buffalo meat emulsion,Meat product,Polyamide/polyethylene co-extruded film,"MAP (70% O2, 20% CO2, 10% N2)",-1,C,,Modified atmosphere,MAP,,15,days,,,"Stabilizes red colour, reduces lipid oxidation",ICAR-DARE Annual Report 2011-12 (Post-Harvest Management and Value-Addition),PHM-Value-addtion-AR-2011-12_0-ICAR.pdf,4
Holi powder (cassava/tapioca based),Non-food/cosmetic colour (processed food-adjacent),Polypropylene bags,Bag,Ambient,C,,,Room temperature,,45,days,,,Retained colour fastness,ICAR-DARE Annual Report 2011-12 (Post-Harvest Management and Value-Addition),PHM-Value-addtion-AR-2011-12_0-ICAR.pdf,5
Makhana kheer mix (ready mix),Processed food (cereal/dairy mix),,,Ambient,C,,,Ambient (dry mix),,6,months,,,"Shelf life ""more than six months""",ICAR-DARE Annual Report 2011-12 (Post-Harvest Management and Value-Addition),PHM-Value-addtion-AR-2011-12_0-ICAR.pdf,5
Iron-fortified composite dairy-cereal biscuits,Bakery product,,,Ambient,C,,,Ambient,,4,months,,,No significant change in sensory/nutritional attributes,ICAR-DARE Annual Report 2011-12 (Post-Harvest Management and Value-Addition),PHM-Value-addtion-AR-2011-12_0-ICAR.pdf,3
Fermented buttermilk drink (dahi+cucumber),Dairy beverage,Glass bottles,Bottle,5,C,,,Refrigerated,,15,days,,,Kept well,ICAR-DARE Annual Report 2011-12 (Post-Harvest Management and Value-Addition),PHM-Value-addtion-AR-2011-12_0-ICAR.pdf,6
Tapioca and fish curry (twin pack),Ready-to-eat meal,"High Impact Polypropylene (HIPP) thermoformed, outer 3-layer retortable pack",Retort pack,Ambient,C,,Sterile/retorted,"Ambient, processed as twin pack + retortable overwrap",,3,months,,,Maintains sterility,ICAR-DARE Annual Report 2011-12 (Post-Harvest Management and Value-Addition),PHM-Value-addtion-AR-2011-12_0-ICAR.pdf,6
Smoked and canned freshwater catfish (Wallago attu),Fish (processed/canned),Tin-free steel (TFS) can,Can,Ambient,C,,Canned,Ambient (canned),,9,months,,,Remained in good condition throughout study,ICAR-DARE Annual Report 2011-12 (Post-Harvest Management and Value-Addition),PHM-Value-addtion-AR-2011-12_0-ICAR.pdf,6
