packaging_id,material_name,material_family,material_type,primary_or_secondary_packaging,rigid_or_flexible,food_contact_suitable,temperature_range,heat_sealability,strength,flexibility,transparency,reusability,recyclability,compostability,biodegradability,recycled_content_possible,source,source_document,page_number,notes
PKG-001,PET,Plastic,Polyalkylene terephthalate,Primary (when in direct food-contact application specified by FSSAI),,Yes,,,,,,,,,,,FSSAI,FSSAI Packaging Regulations.pdf,6,
PKG-002,HDPE,Plastic,High-density polyethylene,Primary (when in direct food-contact application specified by FSSAI),,Yes,,,,,,,,,,,FSSAI,FSSAI Packaging Regulations.pdf,6,
PKG-003,LDPE/PE,Plastic,Polyethylene,Primary (when in direct food-contact application specified by FSSAI),,Yes,,,,,,,,,,,FSSAI,FSSAI Packaging Regulations.pdf,6,
PKG-004,PP,Plastic,Polypropylene,Primary (when in direct food-contact application specified by FSSAI),,Yes,,,,,,,,,,,FSSAI,FSSAI Packaging Regulations.pdf,6,
PKG-005,PS,Plastic,Polystyrene,Primary (when in direct food-contact application specified by FSSAI),,Yes,,,,,,,,,,,FSSAI,FSSAI Packaging Regulations.pdf,6,
PKG-006,PVC,Plastic,Polyvinyl chloride,Primary (when in direct food-contact application specified by FSSAI),,Yes,,,,,,,,,,,FSSAI,FSSAI Packaging Regulations.pdf,6,
PKG-007,PC,Plastic,Polycarbonate,Primary (when in direct food-contact application specified by FSSAI),,Yes,,,,,,,,,,,FSSAI,FSSAI Packaging Regulations.pdf,6,
PKG-008,Paper,Paper,Paper,Primary (when in direct food-contact application specified by FSSAI),,Yes,,,,,,,,,,,FSSAI,FSSAI Packaging Regulations.pdf,7,
PKG-009,Paperboard,Paper,Paperboard,Primary (when in direct food-contact application specified by FSSAI),,Yes,,,,,,,,,,,FSSAI,FSSAI Packaging Regulations.pdf,7,
PKG-010,Glass,Glass,Glass,Primary (when in direct food-contact application specified by FSSAI),,Yes,,,,,,,,,,,FSSAI,FSSAI Packaging Regulations.pdf,7,
PKG-011,Aluminium,Metal,Aluminium / aluminium foil,Primary (when in direct food-contact application specified by FSSAI),,Yes,,,,,,,,,,,FSSAI,FSSAI Packaging Regulations.pdf,7,
PKG-012,Tinplate,Metal,Tinplate,Primary (when in direct food-contact application specified by FSSAI),,Yes,,,,,,,,,,,FSSAI,FSSAI Packaging Regulations.pdf,7,
PKG-013,Multilayer laminate,Composite,Multilayer / laminated structure,Primary (when in direct food-contact application specified by FSSAI),,Yes,,,,,,,,,,,FSSAI,FSSAI Packaging Regulations.pdf,8,
PKG-014,Aseptic multilayer,Composite,Paperboard/aluminium foil/polyethylene multilayer,Primary (when in direct food-contact application specified by FSSAI),,Yes,,,,,,,,,,,FSSAI,FSSAI Packaging Regulations.pdf,8,
PKG-015,Retortable multilayer,Composite,Multilayer retortable structure,Primary (when in direct food-contact application specified by FSSAI),,Yes,,,,,,,,,,,FSSAI,FSSAI Packaging Regulations.pdf,8,
PKG-016,Mud/clay,Mineral,Mud or clay pot,Primary (when in direct food-contact application specified by FSSAI),,Yes,,,,,,,,,,,FSSAI,FSSAI Packaging Regulations.pdf,8,
PKG001,Kraft Paper (IS 1397:2020),Paper/Paperboard,Kraft paper - Grade 1/2/3,Primary or secondary,Flexible,Yes (general packing/wrapping; food-contact per Table 2 contaminant limits),Ambient,Not heat-sealable (uncoated),See Dataset 7 (burst/tear/tensile index),Flexible sheet/roll,Opaque (unbleached),Reusable (sacks) depending on grade,Recyclable (paper stream),Compostable (uncoated paper),Biodegradable,Grade 2/3 made from waste paper/agri-residue (recycled content),Bureau of Indian Standards (BIS) - Handbook on Sustainable Packaging,BIS Food Packaging Handbook.pdf,8,"Grade 1=virgin kraft, Grade 2=agri-residue/semi-virgin, Grade 3=100% waste paper"
PKG002,Folding Box Board (IS 1776:1989),Paperboard,Folding carton board,Primary/secondary (cartons),Semi-rigid,"Yes (for food cartons, subject to general food-contact provisions)",Ambient,Not inherently heat-sealable (needs coating/adhesive),Table 1 (IS 1776) - values not machine-extractable (scanned table),Foldable board,"Printable surface, opaque",No (single-use carton typical),Recyclable (paperboard stream),Compostable (uncoated),Biodegradable,Possible (recycled paperboard grades exist),Bureau of Indian Standards (BIS) - Handbook on Sustainable Packaging,BIS Food Packaging Handbook.pdf,41,Numeric requirement table present in source but not machine-extractable (bordered table lost in text extraction)
PKG003,Base Paper for Waxed Paper (IS 2991:1988),Paper,Base paper (2 grades) for wax coating,Primary (wrap),Flexible,Specifically excluded for confectionery/food wrapping per standard scope (1.1),Ambient,Becomes heat-sealable after wax coating,See Dataset 7,Flexible sheet,Translucent after waxing,No,Recyclable (uncoated paper) / waxed paper recycling limited,Compostable (uncoated),Biodegradable,Not specified,Bureau of Indian Standards (BIS) - Handbook on Sustainable Packaging,BIS Food Packaging Handbook.pdf,65,Standard explicitly states it does NOT apply to food wrapping paper (see scope 1.1)
PKG004,Cellulose Film (IS 5012:1987) - Grades 300/400/600,Regenerated cellulose film,Transparent flexible film,Primary,Flexible,"Yes (food-grade cellophane, historically used for food wrapping)",Ambient,Coated grades heat-sealable,See Dataset 7,Flexible film,Transparent,No (single use film),Limited (compostable stream preferred),Compostable (cellulose-based),Biodegradable,No,Bureau of Indian Standards (BIS) - Handbook on Sustainable Packaging,BIS Food Packaging Handbook.pdf,91,Grades differ by thickness/gauge (300/400/600); coated variants have WVTR data (Dataset 8)
PKG005,General Purpose Packing/Wrapping Paper (IS 6615:2021),Paper,General wrapping paper,Primary/secondary,Flexible,"Yes, subject to Table 2 food-contact contaminant limits; must be virgin pulp & dioxin-free for food contact",Ambient,Not inherently heat-sealable,See Dataset 7,Flexible sheet/roll,Opaque,Reusable (rolls) possible,Recyclable,Compostable,Biodegradable,Min 60% non-bamboo/hardwood/softwood pulp OR 100% waste paper (for ECO Mark),Bureau of Indian Standards (BIS) - Handbook on Sustainable Packaging,BIS Food Packaging Handbook.pdf,96,ECO Mark variant requires recyclable/reusable/biodegradable secondary packaging
PKG006,Aluminium Foil Laminate for Packaging (IS 8970:1991),Metal/Paper laminate,Paper-aluminium foil laminate,Primary,Flexible,Yes (food & pharma grade per standard title),Wide range (foil is heat/light/gas barrier),Heat-sealable (laminate structure),Not reliably extractable (scanned/OCR-corrupted table),Flexible laminate,Opaque (metallised),No,Difficult to recycle (multi-material laminate),Not compostable,Not readily biodegradable,Not specified,Bureau of Indian Standards (BIS) - Handbook on Sustainable Packaging,BIS Food Packaging Handbook.pdf,134,"IS 8970:1991 table values were OCR-corrupted in source scan; contamination limits (arsenic/copper/lead) noted qualitatively only, not used as verified numeric data"
PKG007,Fibreboard for Boxes/Cartons (IS 10176:1982),Paperboard,Corrugated or solid fibreboard,Secondary (boxes/cartons),Rigid (structural board),Not direct food contact typically (secondary/transport packaging),Ambient,N/A (structural board),"See Dataset 7 (bursting strength, puncture resistance)",Rigid board,Opaque,No,Recyclable (cardboard stream),Compostable (uncoated),Biodegradable,Yes (recycled fibreboard common),Bureau of Indian Standards (BIS) - Handbook on Sustainable Packaging,BIS Food Packaging Handbook.pdf,158,"Used for FCB boxes e.g. soap, transport cartons"
PKG008,Corrugated Fibreboard Boxes (IS 2771 Part 1 / IS 12212:1987),Paperboard,Corrugated fibreboard (Type B flute),Secondary/tertiary (transport),Rigid,"No (secondary/transport packaging, not direct food contact)",Ambient,,"See Dataset 7 (bursting strength, compression strength, puncture resistance)",Rigid corrugated board,Opaque,Sometimes reused for transport,Recyclable (widely recycled),Compostable (uncoated),Biodegradable,Yes (recycled corrugated common),Bureau of Indian Standards (BIS) - Handbook on Sustainable Packaging,BIS Food Packaging Handbook.pdf,221,"Used for transport packaging of butter, glass jars, canned foods etc. per BIS standards listed"
PKG009,Jute Sacking Bags for Foodgrains (IS 16186:2014 / B-Twill jute bags),Natural fibre (Jute),Woven jute sack (Type A/B),Primary (bulk foodgrain packaging),Flexible,"Yes (traditional foodgrain packaging - wheat, rice)",Ambient (dry storage),Not heat-sealable (sewn/stitched closure),"See Dataset 7 (breaking strength, seam strength)",Flexible woven sack,Opaque,Reusable (jute sacks commonly reused),Recyclable (natural fibre),Compostable,Biodegradable,"Not applicable (natural fibre, not recycled-content based)",Bureau of Indian Standards (BIS) - Handbook on Sustainable Packaging,BIS Food Packaging Handbook.pdf,251,Standard specifies 50 kg foodgrain sack dimensions/strength; TXD-published standard
PKG010,Hessian Cloth/Bags,Natural fibre (Jute),Woven hessian fabric,Primary/secondary,Flexible,Yes (used for foodgrain/agri produce bags),Ambient,Not heat-sealable,See Dataset 7 (breaking/seam strength tables present in source),Flexible woven fabric,Opaque,Reusable,Recyclable (natural fibre),Compostable,Biodegradable,Not applicable,Bureau of Indian Standards (BIS) - Handbook on Sustainable Packaging,BIS Food Packaging Handbook.pdf,282,Hessian bags standard listed under BIS Textile Department (TXD) section
