food_name,food_category,packaging_material,packaging_type,compatibility,compatibility_reason,moisture_protection_required,oxygen_protection_required,light_protection_required,fat_compatibility,acid_compatibility,chemical_compatibility,migration_concern,recommended,not_recommended,source,source_document,page_number,source_url
,Milk and milk products,Glass,Glass bottle with metal caps or PP/HDPE caps,FSSAI Schedule IV suggestive packaging,Listed as a suggestive packaging material for the product category in FSSAI Packaging Regulations,,,,,,,,Yes,,FSSAI,FSSAI Packaging Regulations.pdf,9,https://www.fssai.gov.in/upload/uploadfiles/files/Compendium_Packaging_Labelling_Regulations_28_01_2022.pdf
,Milk and milk products,PET,Rigid PET container with PP/HDPE caps,FSSAI Schedule IV suggestive packaging,Listed as a suggestive packaging material for the product category in FSSAI Packaging Regulations,,,,,,,,Yes,,FSSAI,FSSAI Packaging Regulations.pdf,9,https://www.fssai.gov.in/upload/uploadfiles/files/Compendium_Packaging_Labelling_Regulations_28_01_2022.pdf
,Milk and milk products,HDPE,Rigid HDPE container with PP/HDPE caps,FSSAI Schedule IV suggestive packaging,Listed as a suggestive packaging material for the product category in FSSAI Packaging Regulations,,,,,,,,Yes,,FSSAI,FSSAI Packaging Regulations.pdf,9,https://www.fssai.gov.in/upload/uploadfiles/files/Compendium_Packaging_Labelling_Regulations_28_01_2022.pdf
,Milk and milk products,PP,Rigid PP container with PP/HDPE caps,FSSAI Schedule IV suggestive packaging,Listed as a suggestive packaging material for the product category in FSSAI Packaging Regulations,,,,,,,,Yes,,FSSAI,FSSAI Packaging Regulations.pdf,9,https://www.fssai.gov.in/upload/uploadfiles/files/Compendium_Packaging_Labelling_Regulations_28_01_2022.pdf
,Milk and milk products,PS,Rigid PS container with PP/HDPE caps,FSSAI Schedule IV suggestive packaging,Listed as a suggestive packaging material for the product category in FSSAI Packaging Regulations,,,,,,,,Yes,,FSSAI,FSSAI Packaging Regulations.pdf,9,https://www.fssai.gov.in/upload/uploadfiles/files/Compendium_Packaging_Labelling_Regulations_28_01_2022.pdf
,Milk and milk products,PE/PP multilayer,"Flexible pouch, PE or PP co-extruded multilayer",FSSAI Schedule IV suggestive packaging,Listed as a suggestive packaging material for the product category in FSSAI Packaging Regulations,,,,,,,,Yes,,FSSAI,FSSAI Packaging Regulations.pdf,9,https://www.fssai.gov.in/upload/uploadfiles/files/Compendium_Packaging_Labelling_Regulations_28_01_2022.pdf
,Milk and milk products,Aseptic multilayer,Paperboard/aluminium foil/polyethylene multilayer,FSSAI Schedule IV suggestive packaging,Listed as a suggestive packaging material for the product category in FSSAI Packaging Regulations,,,,,,,,Yes,,FSSAI,FSSAI Packaging Regulations.pdf,9,https://www.fssai.gov.in/upload/uploadfiles/files/Compendium_Packaging_Labelling_Regulations_28_01_2022.pdf
,Milk and milk products,Tinplate,Tin plate container,FSSAI Schedule IV suggestive packaging,Listed as a suggestive packaging material for the product category in FSSAI Packaging Regulations,,,,,,,,Yes,,FSSAI,FSSAI Packaging Regulations.pdf,9,https://www.fssai.gov.in/upload/uploadfiles/files/Compendium_Packaging_Labelling_Regulations_28_01_2022.pdf
,"Fats, oils and fat emulsions",Tinplate,Tin plate container,FSSAI Schedule IV suggestive packaging,Listed as a suggestive packaging material for the product category in FSSAI Packaging Regulations,,,,,,,,Yes,,FSSAI,FSSAI Packaging Regulations.pdf,10,https://www.fssai.gov.in/upload/uploadfiles/files/Compendium_Packaging_Labelling_Regulations_28_01_2022.pdf
,"Fats, oils and fat emulsions",Glass,Glass bottle with metal caps or PP/HDPE caps,FSSAI Schedule IV suggestive packaging,Listed as a suggestive packaging material for the product category in FSSAI Packaging Regulations,,,,,,,,Yes,,FSSAI,FSSAI Packaging Regulations.pdf,10,https://www.fssai.gov.in/upload/uploadfiles/files/Compendium_Packaging_Labelling_Regulations_28_01_2022.pdf
,"Fats, oils and fat emulsions",HDPE,Rigid HDPE jar,FSSAI Schedule IV suggestive packaging,Listed as a suggestive packaging material for the product category in FSSAI Packaging Regulations,,,,,,,,Yes,,FSSAI,FSSAI Packaging Regulations.pdf,10,https://www.fssai.gov.in/upload/uploadfiles/files/Compendium_Packaging_Labelling_Regulations_28_01_2022.pdf
,"Fats, oils and fat emulsions",PET,PET bottle/jar with plastic caps,FSSAI Schedule IV suggestive packaging,Listed as a suggestive packaging material for the product category in FSSAI Packaging Regulations,,,,,,,,Yes,,FSSAI,FSSAI Packaging Regulations.pdf,10,https://www.fssai.gov.in/upload/uploadfiles/files/Compendium_Packaging_Labelling_Regulations_28_01_2022.pdf
,"Fats, oils and fat emulsions",Multilayer laminate,Multilayer laminated/co-extruded pouch,FSSAI Schedule IV suggestive packaging,Listed as a suggestive packaging material for the product category in FSSAI Packaging Regulations,,,,,,,,Yes,,FSSAI,FSSAI Packaging Regulations.pdf,10,https://www.fssai.gov.in/upload/uploadfiles/files/Compendium_Packaging_Labelling_Regulations_28_01_2022.pdf
,Fruit & Vegetable products,Glass,Glass bottle with metal caps or PP/HDPE caps,FSSAI Schedule IV suggestive packaging,Listed as a suggestive packaging material for the product category in FSSAI Packaging Regulations,,,,,,,,Yes,,FSSAI,FSSAI Packaging Regulations.pdf,10,https://www.fssai.gov.in/upload/uploadfiles/files/Compendium_Packaging_Labelling_Regulations_28_01_2022.pdf
,Fruit & Vegetable products,Aluminium,Aluminium can with easy-open end,FSSAI Schedule IV suggestive packaging,Listed as a suggestive packaging material for the product category in FSSAI Packaging Regulations,,,,,,,,Yes,,FSSAI,FSSAI Packaging Regulations.pdf,10,https://www.fssai.gov.in/upload/uploadfiles/files/Compendium_Packaging_Labelling_Regulations_28_01_2022.pdf
,Fruit & Vegetable products,Tinplate,Tinplate container,FSSAI Schedule IV suggestive packaging,Listed as a suggestive packaging material for the product category in FSSAI Packaging Regulations,,,,,,,,Yes,,FSSAI,FSSAI Packaging Regulations.pdf,10,https://www.fssai.gov.in/upload/uploadfiles/files/Compendium_Packaging_Labelling_Regulations_28_01_2022.pdf
,Fruit & Vegetable products,Aseptic multilayer,Paperboard/aluminium foil/polyethylene multilayer,FSSAI Schedule IV suggestive packaging,Listed as a suggestive packaging material for the product category in FSSAI Packaging Regulations,,,,,,,,Yes,,FSSAI,FSSAI Packaging Regulations.pdf,10,https://www.fssai.gov.in/upload/uploadfiles/files/Compendium_Packaging_Labelling_Regulations_28_01_2022.pdf
,Fruit & Vegetable products,HDPE,HDPE rigid jar,FSSAI Schedule IV suggestive packaging,Listed as a suggestive packaging material for the product category in FSSAI Packaging Regulations,,,,,,,,Yes,,FSSAI,FSSAI Packaging Regulations.pdf,10,https://www.fssai.gov.in/upload/uploadfiles/files/Compendium_Packaging_Labelling_Regulations_28_01_2022.pdf
,Fruit & Vegetable products,PE/laminated,PE or laminated flexible pouch,FSSAI Schedule IV suggestive packaging,Listed as a suggestive packaging material for the product category in FSSAI Packaging Regulations,,,,,,,,Yes,,FSSAI,FSSAI Packaging Regulations.pdf,10,https://www.fssai.gov.in/upload/uploadfiles/files/Compendium_Packaging_Labelling_Regulations_28_01_2022.pdf
,Fruit & Vegetable products,PET/PP/PVC,"PET, PP or PVC punnets",FSSAI Schedule IV suggestive packaging,Listed as a suggestive packaging material for the product category in FSSAI Packaging Regulations,,,,,,,,Yes,,FSSAI,FSSAI Packaging Regulations.pdf,10,https://www.fssai.gov.in/upload/uploadfiles/files/Compendium_Packaging_Labelling_Regulations_28_01_2022.pdf
,Cereals and cereal products,Tinplate,Tin container,FSSAI Schedule IV suggestive packaging,Listed as a suggestive packaging material for the product category in FSSAI Packaging Regulations,,,,,,,,Yes,,FSSAI,FSSAI Packaging Regulations.pdf,10,https://www.fssai.gov.in/upload/uploadfiles/files/Compendium_Packaging_Labelling_Regulations_28_01_2022.pdf
,Cereals and cereal products,Aluminium laminate,Aluminium foil based laminated pouch in metal container,FSSAI Schedule IV suggestive packaging,Listed as a suggestive packaging material for the product category in FSSAI Packaging Regulations,,,,,,,,Yes,,FSSAI,FSSAI Packaging Regulations.pdf,10,https://www.fssai.gov.in/upload/uploadfiles/files/Compendium_Packaging_Labelling_Regulations_28_01_2022.pdf
,Cereals and cereal products,Wax-coated paper,Wax coated paper wrapper,FSSAI Schedule IV suggestive packaging,Listed as a suggestive packaging material for the product category in FSSAI Packaging Regulations,,,,,,,,Yes,,FSSAI,FSSAI Packaging Regulations.pdf,10,https://www.fssai.gov.in/upload/uploadfiles/files/Compendium_Packaging_Labelling_Regulations_28_01_2022.pdf
,Cereals and cereal products,Three-layer laminate,Three-layer laminated wrapper,FSSAI Schedule IV suggestive packaging,Listed as a suggestive packaging material for the product category in FSSAI Packaging Regulations,,,,,,,,Yes,,FSSAI,FSSAI Packaging Regulations.pdf,10,https://www.fssai.gov.in/upload/uploadfiles/files/Compendium_Packaging_Labelling_Regulations_28_01_2022.pdf
,Cereals and cereal products,Multilayer laminate,Heat-sealed multilayer laminated pouch,FSSAI Schedule IV suggestive packaging,Listed as a suggestive packaging material for the product category in FSSAI Packaging Regulations,,,,,,,,Yes,,FSSAI,FSSAI Packaging Regulations.pdf,10,https://www.fssai.gov.in/upload/uploadfiles/files/Compendium_Packaging_Labelling_Regulations_28_01_2022.pdf
,Cereals and cereal products,PET/rigid plastic,PET or rigid plastic container with metal/plastic caps,FSSAI Schedule IV suggestive packaging,Listed as a suggestive packaging material for the product category in FSSAI Packaging Regulations,,,,,,,,Yes,,FSSAI,FSSAI Packaging Regulations.pdf,10,https://www.fssai.gov.in/upload/uploadfiles/files/Compendium_Packaging_Labelling_Regulations_28_01_2022.pdf
,Meat and Meat Products or Poultry Products,Glass,Glass jars with PP/HDPE caps,FSSAI Schedule IV suggestive packaging,Listed as a suggestive packaging material for the product category in FSSAI Packaging Regulations,,,,,,,,Yes,,FSSAI,FSSAI Packaging Regulations.pdf,10,https://www.fssai.gov.in/upload/uploadfiles/files/Compendium_Packaging_Labelling_Regulations_28_01_2022.pdf
,Meat and Meat Products or Poultry Products,Lacquered tin,Metal container with metal lid,FSSAI Schedule IV suggestive packaging,Listed as a suggestive packaging material for the product category in FSSAI Packaging Regulations,,,,,,,,Yes,,FSSAI,FSSAI Packaging Regulations.pdf,10,https://www.fssai.gov.in/upload/uploadfiles/files/Compendium_Packaging_Labelling_Regulations_28_01_2022.pdf
,Meat and Meat Products or Poultry Products,Multilayer flexible laminate,Heat-sealed flexible laminate pouch,FSSAI Schedule IV suggestive packaging,Listed as a suggestive packaging material for the product category in FSSAI Packaging Regulations,,,,,,,,Yes,,FSSAI,FSSAI Packaging Regulations.pdf,10,https://www.fssai.gov.in/upload/uploadfiles/files/Compendium_Packaging_Labelling_Regulations_28_01_2022.pdf
,Meat and Meat Products or Poultry Products,PET,PET punnet/container with plastic caps,FSSAI Schedule IV suggestive packaging,Listed as a suggestive packaging material for the product category in FSSAI Packaging Regulations,,,,,,,,Yes,,FSSAI,FSSAI Packaging Regulations.pdf,10,https://www.fssai.gov.in/upload/uploadfiles/files/Compendium_Packaging_Labelling_Regulations_28_01_2022.pdf
,Fish and fish products or Seafood,Glass,Glass jars with PP/HDPE caps,FSSAI Schedule IV suggestive packaging,Listed as a suggestive packaging material for the product category in FSSAI Packaging Regulations,,,,,,,,Yes,,FSSAI,FSSAI Packaging Regulations.pdf,10,https://www.fssai.gov.in/upload/uploadfiles/files/Compendium_Packaging_Labelling_Regulations_28_01_2022.pdf
,Fish and fish products or Seafood,Lacquered tin,Metal container with metal lid,FSSAI Schedule IV suggestive packaging,Listed as a suggestive packaging material for the product category in FSSAI Packaging Regulations,,,,,,,,Yes,,FSSAI,FSSAI Packaging Regulations.pdf,10,https://www.fssai.gov.in/upload/uploadfiles/files/Compendium_Packaging_Labelling_Regulations_28_01_2022.pdf
,Fish and fish products or Seafood,PET,PET punnet/container with plastic caps,FSSAI Schedule IV suggestive packaging,Listed as a suggestive packaging material for the product category in FSSAI Packaging Regulations,,,,,,,,Yes,,FSSAI,FSSAI Packaging Regulations.pdf,10,https://www.fssai.gov.in/upload/uploadfiles/files/Compendium_Packaging_Labelling_Regulations_28_01_2022.pdf
,Fish and fish products or Seafood,Multilayer flexible laminate,Heat-sealed multilayer flexible laminate pouch,FSSAI Schedule IV suggestive packaging,Listed as a suggestive packaging material for the product category in FSSAI Packaging Regulations,,,,,,,,Yes,,FSSAI,FSSAI Packaging Regulations.pdf,10,https://www.fssai.gov.in/upload/uploadfiles/files/Compendium_Packaging_Labelling_Regulations_28_01_2022.pdf
,Sweetening agents including Honey,Glass,Glass bottle with metal/PP/HDPE caps,FSSAI Schedule IV suggestive packaging,Listed as a suggestive packaging material for the product category in FSSAI Packaging Regulations,,,,,,,,Yes,,FSSAI,FSSAI Packaging Regulations.pdf,10,https://www.fssai.gov.in/upload/uploadfiles/files/Compendium_Packaging_Labelling_Regulations_28_01_2022.pdf
,Sweetening agents including Honey,PET,PET container with plastic caps,FSSAI Schedule IV suggestive packaging,Listed as a suggestive packaging material for the product category in FSSAI Packaging Regulations,,,,,,,,Yes,,FSSAI,FSSAI Packaging Regulations.pdf,10,https://www.fssai.gov.in/upload/uploadfiles/files/Compendium_Packaging_Labelling_Regulations_28_01_2022.pdf
,"Salt, spices, Condiments and related products",Glass,Glass bottle with metal lid or PP/HDPE caps,FSSAI Schedule IV suggestive packaging,Listed as a suggestive packaging material for the product category in FSSAI Packaging Regulations,,,,,,,,Yes,,FSSAI,FSSAI Packaging Regulations.pdf,10,https://www.fssai.gov.in/upload/uploadfiles/files/Compendium_Packaging_Labelling_Regulations_28_01_2022.pdf
,"Salt, spices, Condiments and related products",PET/HDPE,Rigid PET or HDPE container,FSSAI Schedule IV suggestive packaging,Listed as a suggestive packaging material for the product category in FSSAI Packaging Regulations,,,,,,,,Yes,,FSSAI,FSSAI Packaging Regulations.pdf,10,https://www.fssai.gov.in/upload/uploadfiles/files/Compendium_Packaging_Labelling_Regulations_28_01_2022.pdf
,"Salt, spices, Condiments and related products",Composite,Paperboard/aluminium foil/plastic film composite container,FSSAI Schedule IV suggestive packaging,Listed as a suggestive packaging material for the product category in FSSAI Packaging Regulations,,,,,,,,Yes,,FSSAI,FSSAI Packaging Regulations.pdf,10,https://www.fssai.gov.in/upload/uploadfiles/files/Compendium_Packaging_Labelling_Regulations_28_01_2022.pdf
,"Salt, spices, Condiments and related products",Multilayer laminate,Heat-sealed multilayer laminated pouch,FSSAI Schedule IV suggestive packaging,Listed as a suggestive packaging material for the product category in FSSAI Packaging Regulations,,,,,,,,Yes,,FSSAI,FSSAI Packaging Regulations.pdf,10,https://www.fssai.gov.in/upload/uploadfiles/files/Compendium_Packaging_Labelling_Regulations_28_01_2022.pdf
,Beverages other than dairy and fruit/vegetable based,PET/PC,PET or PC bottle with PP/HDPE/aluminium caps,FSSAI Schedule IV suggestive packaging,Listed as a suggestive packaging material for the product category in FSSAI Packaging Regulations,,,,,,,,Yes,,FSSAI,FSSAI Packaging Regulations.pdf,10,https://www.fssai.gov.in/upload/uploadfiles/files/Compendium_Packaging_Labelling_Regulations_28_01_2022.pdf
,Beverages other than dairy and fruit/vegetable based,PE,Heat-sealed PE pouch,FSSAI Schedule IV suggestive packaging,Listed as a suggestive packaging material for the product category in FSSAI Packaging Regulations,,,,,,,,Yes,,FSSAI,FSSAI Packaging Regulations.pdf,10,https://www.fssai.gov.in/upload/uploadfiles/files/Compendium_Packaging_Labelling_Regulations_28_01_2022.pdf
,Beverages other than dairy and fruit/vegetable based,Glass,Glass bottle with metal/plastic caps,FSSAI Schedule IV suggestive packaging,Listed as a suggestive packaging material for the product category in FSSAI Packaging Regulations,,,,,,,,Yes,,FSSAI,FSSAI Packaging Regulations.pdf,10,https://www.fssai.gov.in/upload/uploadfiles/files/Compendium_Packaging_Labelling_Regulations_28_01_2022.pdf
,Beverages other than dairy and fruit/vegetable based,Aluminium,Aluminium can with easy-open end,FSSAI Schedule IV suggestive packaging,Listed as a suggestive packaging material for the product category in FSSAI Packaging Regulations,,,,,,,,Yes,,FSSAI,FSSAI Packaging Regulations.pdf,10,https://www.fssai.gov.in/upload/uploadfiles/files/Compendium_Packaging_Labelling_Regulations_28_01_2022.pdf
,Beverages other than dairy and fruit/vegetable based,Tinplate,Tin plate container,FSSAI Schedule IV suggestive packaging,Listed as a suggestive packaging material for the product category in FSSAI Packaging Regulations,,,,,,,,Yes,,FSSAI,FSSAI Packaging Regulations.pdf,10,https://www.fssai.gov.in/upload/uploadfiles/files/Compendium_Packaging_Labelling_Regulations_28_01_2022.pdf
Ready-to-eat/cook fish patties,Marine/freshwater fish,Laminated Polypropylene (PP),Vacuum pack/MAP,Compatible,Most suitable among PE/PP/laminated-PP tested for vacuum and MAP of fish products,Yes,Yes (MAP),Not specified,Not specified,Not specified,Not specified,Not specified in source,True,0.0,ICAR-DARE Annual Report 2011-12 / BIS Handbook,PHM-Value-addtion-AR-2011-12_0-ICAR.pdf,3,https://www.bis.gov.in/wp-content/uploads/2023/01/Final-handbook-coloured_F_compressed.pdf
Processed cheese with oats,Dairy,Pouch packaging,Pouch,Less compatible (vs tub),Higher free-fatty-acid increase (lipid oxidation) observed in pouch vs tub during storage,Not specified,Not specified,Not specified,Concern (fat migration/oxidation observed),Not specified,Not specified,Free fatty acid increase noted (0.257% pouch vs 0.212% tub),False,1.0,ICAR-DARE Annual Report 2011-12 / BIS Handbook,PHM-Value-addtion-AR-2011-12_0-ICAR.pdf,6,https://www.bis.gov.in/wp-content/uploads/2023/01/Final-handbook-coloured_F_compressed.pdf
Processed cheese with oats,Dairy,Rigid tub,Tub,Compatible,Lower free-fatty-acid increase than pouch; chemically more stable,Not specified,Not specified,Not specified,Better than pouch,Not specified,Not specified,Not specified,True,0.0,ICAR-DARE Annual Report 2011-12 / BIS Handbook,PHM-Value-addtion-AR-2011-12_0-ICAR.pdf,6,https://www.bis.gov.in/wp-content/uploads/2023/01/Final-handbook-coloured_F_compressed.pdf
"Foodgrains (wheat, rice, pulses)",Cereals/grains,Kraft Paper / Jute sack,Sack/bag,Compatible,"Standard bulk-storage material per BIS/AGMARK grain standards; breathable, controls moisture regain (max 22%)",Yes (moisture regain control),Not specified,Not specified,Not applicable,Not applicable,Not specified,Not specified,True,0.0,ICAR-DARE Annual Report 2011-12 / BIS Handbook,BIS Food Packaging Handbook.pdf / AGMARK Volume-7,251,https://www.bis.gov.in/wp-content/uploads/2023/01/Final-handbook-coloured_F_compressed.pdf
Base paper for waxed paper,Confectionery/food wrapping,Base paper for waxed paper (IS 2991:1988),Wrap,Not recommended,Standard explicitly excludes use for confectionery and food wrapping purposes (clause 1.1),Not specified,Not specified,Not specified,Not specified,Not specified,Not specified,Not specified,False,1.0,ICAR-DARE Annual Report 2011-12 / BIS Handbook,BIS Food Packaging Handbook.pdf,65,https://www.bis.gov.in/wp-content/uploads/2023/01/Final-handbook-coloured_F_compressed.pdf
