record_id,food_name,food_category,packaging_material,packaging_structure,packaging_type,packaging_thickness,storage_temperature,temperature_unit,relative_humidity,atmosphere,initial_food_condition,shelf_life,shelf_life_unit,quality_change,shelf_life_extension,source,source_document,page_number,source_url
R001,Soy paneer (tofu),Dairy/soy analogue,Retortable pouch (polymer laminate),"Pouch, autoclaved",Retort pouch,,Ambient,C,,Sealed/sterile,Autoclaved after packing,18.0,days,Extended keeping quality vs 3-4h unpackaged baseline,15x (ambient) vs untreated baseline,ICAR-DARE Annual Report 2011-12,PHM-Value-addtion-AR-2011-12_0-ICAR.pdf,3,https://icar.gov.in/
R002,Soy paneer (tofu),Dairy/soy analogue,Retortable pouch (polymer laminate),"Pouch, autoclaved",Retort pouch,,5,C,,Sealed/sterile,Autoclaved after packing,45.0,days,Extended vs 4-day refrigerated baseline,~11x vs untreated baseline,ICAR-DARE Annual Report 2011-12,PHM-Value-addtion-AR-2011-12_0-ICAR.pdf,3,https://icar.gov.in/
R003,Rohu/Catla fish patties (ready-to-eat/cook),Marine/freshwater fish,Laminated Polypropylene (PP),Vacuum pack,Vacuum,,,,,Vacuum,Spice mix + probiotic treated,3.0,months,Enhanced keeping quality during chilled/frozen storage,Most suitable of PE/PP/laminated-PP tested,ICAR-DARE Annual Report 2011-12,PHM-Value-addtion-AR-2011-12_0-ICAR.pdf,3,https://icar.gov.in/
R004,Rohu/Catla fish patties (ready-to-eat/cook),Marine/freshwater fish,Laminated Polypropylene (PP),MAP film,MAP,,,,,Modified atmosphere,Spice mix + probiotic treated,3.0,months,Enhanced keeping quality,,ICAR-DARE Annual Report 2011-12,PHM-Value-addtion-AR-2011-12_0-ICAR.pdf,3,https://icar.gov.in/
R005,Fish cut-up parts/fingers/chunks/nuggets,Marine/freshwater fish,Polypropylene (rigid) with lid,Rigid container,Rigid tub with lid,500 micron,,,,Chilled,Fresh cut,7.0,days,Maintained hygienic & keeping quality,,ICAR-DARE Annual Report 2011-12,PHM-Value-addtion-AR-2011-12_0-ICAR.pdf,3,https://icar.gov.in/
R006,Fish cut-up parts/fingers/chunks/nuggets,Marine/freshwater fish,Polypropylene (rigid) with lid,Rigid container,Rigid tub with lid,500 micron,-20,C,,Frozen,Fresh cut,3.0,months,Maintained hygienic & keeping quality,,ICAR-DARE Annual Report 2011-12,PHM-Value-addtion-AR-2011-12_0-ICAR.pdf,3,https://icar.gov.in/
R007,Sapota (sapodilla),Fruit,PD-961 film (selectively permeable),MA pack,Flexible film pack,,10,C,,Modified atmosphere,Fresh fruit,3.0,weeks,Extended storage life,,ICAR-DARE Annual Report 2011-12,PHM-Value-addtion-AR-2011-12_0-ICAR.pdf,4,https://icar.gov.in/
R008,Aonla (Indian gooseberry),Fruit,PD-961 film (selectively permeable),MA pack,Flexible film pack,,12,C,,Modified atmosphere,Fresh fruit,3.0,weeks,Extended storage life,,ICAR-DARE Annual Report 2011-12,PHM-Value-addtion-AR-2011-12_0-ICAR.pdf,4,https://icar.gov.in/
R009,Litchi,Fruit,"Perforated polyethylene, 200-gauge, litchi-leaf lined",Perforated bag,Flexible perforated bag,200 gauge,Ambient,C,,Perforated (limited MA),Pre-cooled fruit,4.0,days,Kept better than unpackaged control,,ICAR-DARE Annual Report 2011-12,PHM-Value-addtion-AR-2011-12_0-ICAR.pdf,4,https://icar.gov.in/
R010,Apple cv Mollies Delicious,Fruit,Shrink wrap plastic film,Shrink wrap,Shrink film,25 micron,5,C,,Sealed shrink wrap,Aloe vera gel-coated (50%),68.0,days,Storage life extended ~5x vs 2-week baseline,~5x vs untreated baseline,ICAR-DARE Annual Report 2011-12,PHM-Value-addtion-AR-2011-12_0-ICAR.pdf,4,https://icar.gov.in/
R011,Jasminum sambac (flowers),Cut flower,"Polyethylene (PE), 100-gauge",Bag,Flexible bag,100 gauge,6,C,,Sealed bag,Fresh cut flowers,9.0,days (extension),9-day extension vs 2-day RT control,,ICAR-DARE Annual Report 2011-12,PHM-Value-addtion-AR-2011-12_0-ICAR.pdf,4,https://icar.gov.in/
R012,Ground buffalo meat (emulsion),Meat product,Polyamide/Polyethylene co-extruded film,MAP film,MAP (70% O2/20% CO2/10% N2),,-1,C,,Modified atmosphere,Ground meat emulsion,15.0,days,"Stabilized colour, reduced lipid oxidation",,ICAR-DARE Annual Report 2011-12,PHM-Value-addtion-AR-2011-12_0-ICAR.pdf,4,https://icar.gov.in/
R013,Holi powder (cassava/tapioca based colour powder),Processed dry powder,Polypropylene (PP),Bag,Flexible bag,,Ambient,C,,Ambient,Dried powder,45.0,days,Retained colour fastness,,ICAR-DARE Annual Report 2011-12,PHM-Value-addtion-AR-2011-12_0-ICAR.pdf,5,https://icar.gov.in/
R014,Fermented buttermilk drink (dahi+cucumber),Dairy beverage,Glass,Bottle,Rigid bottle,,5,C,,Refrigerated,Fermented drink,15.0,days,Kept well,,ICAR-DARE Annual Report 2011-12,PHM-Value-addtion-AR-2011-12_0-ICAR.pdf,6,https://icar.gov.in/
R015,"Tapioca and fish curry (RTE meal, twin pack)",Ready-to-eat meal,"High Impact Polypropylene (HIPP), thermoformed + 3-layer retortable overwrap",Twin-pack + retort overwrap,Thermoformed tray + retort pouch,,Ambient,C,,Sterile (retorted),Processed/retorted,3.0,months,Maintained sterility at ambient storage,,ICAR-DARE Annual Report 2011-12,PHM-Value-addtion-AR-2011-12_0-ICAR.pdf,6,https://icar.gov.in/
R016,Smoked and canned freshwater catfish (Wallago attu),Fish (canned),Tin-free steel (TFS),Can,Rigid can,,Ambient,C,,Canned (sterile),"Smoked, canned in oil",9.0,months,Remained in good condition,,ICAR-DARE Annual Report 2011-12,PHM-Value-addtion-AR-2011-12_0-ICAR.pdf,6,https://icar.gov.in/
R017,Yellow fin tuna chunks,Marine fish,Ethyl vinyl alcohol (EVOH),Vacuum pack,Vacuum pouch,,1-2,C,,Vacuum,High-pressure processed (200 MPa),,extended (no exact day count reported),Extended shelf life vs untreated (qualitative only),,ICAR-DARE Annual Report 2011-12,PHM-Value-addtion-AR-2011-12_0-ICAR.pdf,6,https://icar.gov.in/
