material_name,recyclable,reusable,compostable,biodegradable,recycled_content_possible,renewable_resource,plastic_content,material_type,end_of_life_option,waste_management_route,environmental_advantages,environmental_concerns,source,source_document,page_number
Kraft Paper (IS 1397:2020),Yes,Yes (sacks),Yes (uncoated),Yes,Yes (Grade 2/3 from waste paper/agri-residue),Yes (wood pulp/agri-residue),No,Paper,"Recycling, composting",Paper recycling stream / composting,"Renewable fibre source, biodegradable, ECO Mark variant requires recyclable/reusable/biodegradable secondary packaging",Virgin grade (Grade 1) relies on wood pulp; coatings/waxing can reduce recyclability,BIS / CPCB / MoEFCC,BIS Food Packaging Handbook.pdf,8
Folding Box Board (IS 1776:1989),Yes,Limited (single-use carton typical),Yes (uncoated),Yes,Yes (recycled paperboard grades exist),Yes,No,Paperboard,"Recycling, composting",Paperboard/cardboard recycling stream,"Recyclable, biodegradable",Coated or laminated variants harder to recycle,BIS / CPCB / MoEFCC,BIS Food Packaging Handbook.pdf,41
Cellulose Film (IS 5012:1987),Limited (compostable stream preferred),No (single-use),Yes (cellulose-based),Yes,No,Yes (regenerated cellulose from wood pulp),No,Regenerated cellulose,Composting,Compostable waste stream,"Biodegradable, plant-derived",Coatings for barrier properties may reduce compostability,BIS / CPCB / MoEFCC,BIS Food Packaging Handbook.pdf,91
General Purpose Packing/Wrapping Paper (IS 6615:2021),Yes,Yes (rolls),Yes,Yes,Yes (min 60% non-bamboo/hardwood/softwood pulp OR 100% waste paper for ECO Mark),Yes,No,Paper,"Recycling, composting",Paper recycling stream,ECO Mark variant must be recyclable/reusable/biodegradable,,BIS / CPCB / MoEFCC,BIS Food Packaging Handbook.pdf,96
Aluminium Foil Laminate (IS 8970:1991),Difficult (multi-material laminate),No,No,No,Not specified,"No (aluminium is mined, though recyclable)","No (paper-foil, but often laminated with plastic/adhesive)",Metal-paper laminate,Energy recovery / difficult mechanical recycling,Limited - typically non-recyclable in standard MRF streams,Excellent barrier properties reduce food waste,Multi-material laminate structure impedes recycling; separating aluminium from paper/adhesive is difficult,BIS / CPCB / MoEFCC,BIS Food Packaging Handbook.pdf,134
Fibreboard / Corrugated Fibreboard (IS 10176:1982 / IS 2771),Yes (widely recycled),Sometimes (transport packaging),Yes (uncoated),Yes,Yes (recycled corrugated common),Yes,No,Paperboard,"Recycling, composting",Cardboard recycling stream,"Widely recycled, biodegradable, renewable",Wax/plastic coatings for moisture resistance reduce recyclability,BIS / CPCB / MoEFCC,BIS Food Packaging Handbook.pdf,158
Jute Sacking Bag / Hessian (IS 16186:2014),Yes (natural fibre),Yes (commonly reused),Yes,Yes,"Not applicable (natural fibre, not from recycled content)",Yes (jute plant fibre),No,Natural fibre,"Composting, reuse, recycling","Natural fibre / textile recycling, composting","Renewable, biodegradable, reusable, traditional low-impact material",Lower moisture barrier than plastic; may require moisture-proof liner for some grains,BIS / CPCB / MoEFCC,BIS Food Packaging Handbook.pdf,251
"Rigid plastic packaging (Category I, e.g. PET/HDPE bottles, jars)",Yes (if collected/segregated),Sometimes (refillable bottles),No (standard grades),No,Yes (rPET/rHDPE increasingly used),No (petroleum-derived),Yes (100%),Plastic,Mechanical recycling / EPR-mandated collection,Rigid plastic recycling stream (EPR Category I),"Lightweight, durable, good barrier properties",Petroleum-derived; requires EPR compliance and collection infrastructure,BIS / CPCB / MoEFCC,MoEFCC_Plastic_Waste_Management_Rules.pdf,30
"Flexible plastic packaging - single/multilayer (Category II, e.g. PE/PP pouches, carry bags)",Limited (multilayer types especially),No (typical single-use),No (standard grades),No,Limited (single-layer flexible more recyclable than multilayer),No,Yes (100%),Plastic,EPR-mandated collection; energy recovery for non-recyclable fraction,Flexible plastic recycling stream (EPR Category II) where infrastructure exists,"Lightweight, low material use per package",Multilayer flexible plastics with different resin types are difficult to recycle,BIS / CPCB / MoEFCC,MoEFCC_Plastic_Waste_Management_Rules.pdf,30
"Multilayered plastic packaging (Category III, e.g. metallised/laminate pouches)",Difficult (mixed materials),No,No,No,Not typical,No,"Yes (partial, at least one plastic layer)",Multi-material laminate,Non-recyclable fraction phased out within 2 years per rules; else energy recovery,Landfill/energy recovery for non-recyclable MLP,"Excellent barrier properties (extends shelf life, reduces food waste)",Non-recyclable MLP being phased out under Plastic Waste Management Rules,BIS / CPCB / MoEFCC,MoEFCC_Plastic_Waste_Management_Rules.pdf,23
Compostable plastic packaging (Category IV),No (compostable route instead),No,Yes (if conforms to IS/ISO 17088:2008),Yes (under industrial composting conditions),Not applicable,"Often (bio-based feedstocks, e.g. PLA, starch blends)",Varies (bio-based polymer),Compostable bioplastic,Industrial composting,Composting infrastructure (where available),"Biodegradable under controlled composting conditions, reduces persistent plastic waste",Requires industrial composting facilities; may not degrade in home composting or natural environments,BIS / CPCB / MoEFCC,MoEFCC_Plastic_Waste_Management_Rules.pdf,25
