rule_id,food_category,packaging_material,packaging_type,requirement,restriction,permitted,prohibited,migration_requirement,food_contact_requirement,labelling_requirement,regulation_type,regulation_name,source,source_document,page_number,source_url
RG001,All food categories,Any packaging material,Primary/secondary,Material in direct food contact must be food-grade quality and comply with FSS (Packaging) Regulations 2018,,"Yes, if food-grade & compliant",Non-food-grade material for direct contact,,Must be food grade quality,,Packaging regulation,"FSS (Packaging) Regulations, 2018",FSSAI / BIS / CPCB / MoEFCC,FSSAI_Packaging_Regulations.pdf,1,https://www.fssai.gov.in/upload/uploadfiles/files/Compendium_Packaging_Labelling_Regulations_28_01_2022.pdf
RG002,All food categories,Plastic (general),Primary,"Overall migration limit of 60 mg/kg or 10 mg/dm2 (tested per IS 9845), no visible colour migration",Exceeding migration limit,,Non-compliant plastic packaging,60 mg/kg or 10 mg/dm2 (IS 9845),,,Packaging regulation,"FSS (Packaging) Regulations, 2018 - Reg 4(4)(b)",FSSAI / BIS / CPCB / MoEFCC,FSSAI_Packaging_Regulations.pdf,5,https://www.fssai.gov.in/upload/uploadfiles/files/Compendium_Packaging_Labelling_Regulations_28_01_2022.pdf
RG003,All food categories,Plastic (general),Primary,"Specific migration limits for metals: Barium 1.0, Cobalt 0.05, Copper 5.0, Iron 48.0, Lithium 0.6, Manganese 0.6, Zinc 25.0 (mg/kg)",,,Exceeding specific migration limits,See requirement (mg/kg per substance),,,Packaging regulation,"FSS (Packaging) Regulations, 2018 - Table 1",FSSAI / BIS / CPCB / MoEFCC,FSSAI_Packaging_Regulations.pdf,5,https://www.fssai.gov.in/upload/uploadfiles/files/Compendium_Packaging_Labelling_Regulations_28_01_2022.pdf
RG004,All food categories,Recycled plastics,Primary,,"Recycled plastics (incl. carry bags) shall not be used for packaging, storing, carrying or dispensing food",,Recycled plastic for food packaging/storage/carrying/dispensing,,Not permitted for food contact,,Packaging regulation,"FSS (Packaging) Regulations, 2018 - Reg 4(4)(e)",FSSAI / BIS / CPCB / MoEFCC,FSSAI_Packaging_Regulations.pdf,6,https://www.fssai.gov.in/upload/uploadfiles/files/Compendium_Packaging_Labelling_Regulations_28_01_2022.pdf
RG005,Drinking water (packaged/mineral),PE / PVC / PET / PBT / PP / Polycarbonate / Glass,Primary,"Bottles must be colourless, transparent, tamper-proof; min. 85% light transmittance; conform to IS 10146/10151/12252/10910/14971/10142",,"Yes, listed resins conforming to respective IS",Non-transparent/non-conforming containers,,Food grade per respective IS,,Packaging regulation,"FSS (Packaging) Regulations, 2018 - Reg 4(4)(a)",FSSAI / BIS / CPCB / MoEFCC,FSSAI_Packaging_Regulations.pdf,4,https://www.fssai.gov.in/upload/uploadfiles/files/Compendium_Packaging_Labelling_Regulations_28_01_2022.pdf
RG006,All food categories,Tin container,Primary,Tin containers once used shall not be reused for food packaging,Reuse of tin containers,Single use only,Reused tin containers,,,,Packaging regulation,"FSS (Packaging) Regulations, 2018 - Reg 3(7)",FSSAI / BIS / CPCB / MoEFCC,FSSAI_Packaging_Regulations.pdf,3,https://www.fssai.gov.in/upload/uploadfiles/files/Compendium_Packaging_Labelling_Regulations_28_01_2022.pdf
RG007,All food categories,Plastic (≥5L) / Glass bottles,Primary,"If reused, must be suitably durable and easy to clean/disinfect",,Reuse permitted if durable & cleanable,,,,,Packaging regulation,"FSS (Packaging) Regulations, 2018 - Reg 3(8)",FSSAI / BIS / CPCB / MoEFCC,FSSAI_Packaging_Regulations.pdf,3,https://www.fssai.gov.in/upload/uploadfiles/files/Compendium_Packaging_Labelling_Regulations_28_01_2022.pdf
RG008,All food categories,Newspaper/any similar material,Primary,,Shall not be used for storing/wrapping food,,Newspaper for food storage/wrapping,,Not permitted,,Packaging regulation,"FSS (Packaging) Regulations, 2018 - Reg 3(11)",FSSAI / BIS / CPCB / MoEFCC,FSSAI_Packaging_Regulations.pdf,3,https://www.fssai.gov.in/upload/uploadfiles/files/Compendium_Packaging_Labelling_Regulations_28_01_2022.pdf
RG009,All food categories,Printing inks (on packaging),Primary/secondary,Printing inks shall conform to IS 15495; printed surface shall not directly contact food,,"Compliant inks, non-contact printed surface",Direct food contact with printed surface,,,,Packaging regulation,"FSS (Packaging) Regulations, 2018 - Reg 3(9)-(10)",FSSAI / BIS / CPCB / MoEFCC,FSSAI_Packaging_Regulations.pdf,3,https://www.fssai.gov.in/upload/uploadfiles/files/Compendium_Packaging_Labelling_Regulations_28_01_2022.pdf
RG010,Paper and board (food contact),Paper/Board,Primary,"Must conform to Schedule I standards (IS 6622, 7161, 8970, 6615, 1776, 2771)",,,,,"Food grade, free from contaminants",,Packaging regulation,"FSS (Packaging) Regulations, 2018 - Reg 4(1), Schedule I",FSSAI / BIS / CPCB / MoEFCC,FSSAI_Packaging_Regulations.pdf,6,https://www.fssai.gov.in/upload/uploadfiles/files/Compendium_Packaging_Labelling_Regulations_28_01_2022.pdf
RG011,Metal/metal alloy (food contact),Tinplate/Chromium-coated steel/Aluminium,Primary,"Must conform to Schedule II standards (IS 1993, 12591, 737, 15392, 1994, 9396)","Rusty, chipped/rusty enamelled, improperly tinned copper/brass containers",,Rusty or improperly tinned containers,,,,Packaging regulation,"FSS (Packaging) Regulations, 2018 - Reg 4(3), Schedule II",FSSAI / BIS / CPCB / MoEFCC,FSSAI_Packaging_Regulations.pdf,4,https://www.fssai.gov.in/upload/uploadfiles/files/Compendium_Packaging_Labelling_Regulations_28_01_2022.pdf
RG012,Plastic (food contact),PE/PS/PVC/PP/Ionomer/EAA/PET-PBT/Nylon6/EVA/EMAA/PC etc.,Primary,Must conform to Schedule III standards (20 listed IS specifications),,,,,Food grade per respective IS,,Packaging regulation,"FSS (Packaging) Regulations, 2018 - Reg 4(4), Schedule III",FSSAI / BIS / CPCB / MoEFCC,FSSAI_Packaging_Regulations.pdf,7,https://www.fssai.gov.in/upload/uploadfiles/files/Compendium_Packaging_Labelling_Regulations_28_01_2022.pdf
RG013,All pre-packaged food,Any,Primary,"Label must be in English or Hindi (Devnagari); must include name of food, list of ingredients (descending order), veg/non-veg logo, net quantity, date of manufacture/best-before, FSSAI license number, name/address of manufacturer",,,"Ambiguous, non-prominent or non-indelible labelling",,,"Mandatory: Name of food, ingredient list, net quantity, mfg/best-before date, FSSAI license no., manufacturer address",Labelling regulation,"FSS (Labelling and Display) Regulations, 2020",FSSAI / BIS / CPCB / MoEFCC,Download the official FSSAI Labelling & Display Compendium PDF.pdf,3,https://www.fssai.gov.in/upload/uploadfiles/files/Compendium_Packaging_Labelling_Regulations_28_01_2022.pdf
RG014,All pre-packaged food,Any,Primary,Storage conditions and shelf-life declaration required where product quality depends on defined storage conditions,,,Selling product beyond stated shelf life,,,Storage condition and best-before/expiry declaration,Labelling regulation,"FSS (Labelling and Display) Regulations, 2020",FSSAI / BIS / CPCB / MoEFCC,Download the official FSSAI Labelling & Display Compendium PDF.pdf,1,https://www.fssai.gov.in/upload/uploadfiles/files/Compendium_Packaging_Labelling_Regulations_28_01_2022.pdf
RG015,All food categories (plastic packaging),Rigid plastic (Category I),Primary/secondary,Producer/Brand Owner/Importer must register on CPCB centralized EPR portal and fulfil EPR obligations,,,Unregistered manufacture/use of plastic packaging,,,Producer registration number to be printed on packaging,EPR/Recycling regulation,Plastic Waste Management (Amendment) Rules 2022 - EPR Guidelines,FSSAI / BIS / CPCB / MoEFCC,CPCB Plastic Waste Management SOP.pdf,30,https://www.fssai.gov.in/upload/uploadfiles/files/Compendium_Packaging_Labelling_Regulations_28_01_2022.pdf
RG016,All food categories (plastic packaging),Flexible plastic - single/multilayer (Category II),Primary/secondary,"Covered under EPR; reuse, recycling, recycled-content use, and end-of-life disposal targets apply",,,,,,,EPR/Recycling regulation,Plastic Waste Management (Amendment) Rules 2022 - EPR Guidelines,FSSAI / BIS / CPCB / MoEFCC,CPCB Plastic Waste Management SOP.pdf,30,https://www.fssai.gov.in/upload/uploadfiles/files/Compendium_Packaging_Labelling_Regulations_28_01_2022.pdf
RG017,All food categories (plastic packaging),Multilayered plastic packaging (Category III),Primary,At least one plastic layer + one non-plastic layer; covered under EPR,Non-recyclable MLP to be phased out within 2 years,,Non-recyclable multilayered plastic (after phase-out period),,,Producer/manufacturer registration number printed on packaging,EPR/Recycling regulation,Plastic Waste Management Rules 2016 (as amended) - Rule on MLP phase-out,FSSAI / BIS / CPCB / MoEFCC,MoEFCC_Plastic_Waste_Management_Rules.pdf,23,https://www.fssai.gov.in/upload/uploadfiles/files/Compendium_Packaging_Labelling_Regulations_28_01_2022.pdf
RG018,All food categories (plastic packaging),Compostable plastic packaging (Category IV),Primary,Must conform to IS/ISO 17088:2008 Compostable Plastics specification; degradability tested per Schedule-I standards (ISO 14851/14852/14853/14855/15985/16929/17556/20200),,Compostable plastics conforming to IS/ISO 17088,"Non-conforming ""compostable"" claims",,,Certificate number to be printed for compostable carry bags,EPR/Recycling regulation,"Plastic Waste Management Rules 2016 (as amended) - Rule 10, Schedule-I",FSSAI / BIS / CPCB / MoEFCC,MoEFCC_Plastic_Waste_Management_Rules.pdf,25,https://www.fssai.gov.in/upload/uploadfiles/files/Compendium_Packaging_Labelling_Regulations_28_01_2022.pdf
RG019,All food categories (carry bags),Virgin or recycled plastic carry bag,Primary,Minimum thickness of 50 microns,Carry bags <50 microns thickness,Carry bags ≥50 micron,Carry bags <50 micron,,,"Recycled bags must bear ""recycled"" mark; manufacturer name, registration no., thickness to be printed",Plastic waste regulation,Plastic Waste Management Rules 2016 (as amended) - Rule on carry bag thickness,FSSAI / BIS / CPCB / MoEFCC,MoEFCC_Plastic_Waste_Management_Rules.pdf,24,https://www.fssai.gov.in/upload/uploadfiles/files/Compendium_Packaging_Labelling_Regulations_28_01_2022.pdf
RG020,All food categories (plastic packaging),Recycled plastic / plastic products,Primary,Recycling must conform to IS 14534:1998 (Guidelines for recycling of plastics),Recycled plastic/products made from recycled plastic shall not be used as carry bags in certain contexts per MoEFCC rule,,,,,,Recycling regulation,Plastic Waste Management Rules 2016 (as amended),FSSAI / BIS / CPCB / MoEFCC,MoEFCC_Plastic_Waste_Management_Rules.pdf,20,https://www.fssai.gov.in/upload/uploadfiles/files/Compendium_Packaging_Labelling_Regulations_28_01_2022.pdf
