food_name,food_category,recommended_packaging_material,recommended_packaging_type,recommended_packaging_structure,storage_condition,expected_shelf_life,reason,sustainability_information,recyclability_information,source,source_document,page_number,source_url
Ready-to-eat/cook fish patties (rohu/catla),Marine/freshwater fish,Laminated Polypropylene (PP),Vacuum pack / MAP,Multilayer laminate,Chilled or frozen,Up to 3 months,Found most suitable of PE/PP/laminated-PP tested for vacuum packaging and MAP; best kept quality,Not specified in source,Multilayer plastic laminate - not readily recyclable (mixed material),ICAR-DARE Annual Report 2011-12,PHM-Value-addtion-AR-2011-12_0-ICAR.pdf,3,https://icar.gov.in/
"Fish cut-up parts, fingers, chunks, nuggets",Marine/freshwater fish,"Polypropylene (rigid, 500 micron) with lid",Rigid container with lid,Rigid tub,Chilled (7 days) / Frozen (3 months),7 days chilled / 3 months frozen,Maintained hygienic and keeping quality,Not specified,PP is recyclable (resin code 5) if collected separately,ICAR-DARE Annual Report 2011-12,PHM-Value-addtion-AR-2011-12_0-ICAR.pdf,3,https://icar.gov.in/
Mango (for ripening/transport),Fruit,"Corrugated Fibreboard (CFB) box, inner-lined with flexible film (all sides except top)",Box with film liner,CFB box + film liner,Room temperature,Reduced weight loss by 50% during ripening,Reduces weight loss/moisture loss during ripening,CFB is recyclable/compostable (paperboard),CFB recyclable in cardboard stream,ICAR-DARE Annual Report 2011-12,PHM-Value-addtion-AR-2011-12_0-ICAR.pdf,4,https://icar.gov.in/
"Sapota, Aonla",Fruit,PD-961 selectively permeable film,MA packing,Flexible film,10-12C,Up to 3 weeks,Selectively permeable film enables beneficial modified atmosphere,Not specified,Plastic film - recyclability depends on resin type (not specified in source),ICAR-DARE Annual Report 2011-12,PHM-Value-addtion-AR-2011-12_0-ICAR.pdf,4,https://icar.gov.in/
Processed cheese with oats,Dairy,Tub (rigid container),Tub vs pouch (tub preferred),Rigid tub,Room temp / cold store,Tub outperforms pouch,Tub packaging showed lower free-fatty-acid increase (0.212%) than pouch (0.257%) during storage - chemically more stable,Not specified,Rigid tub material not specified in source,ICAR-DARE Annual Report 2011-12,PHM-Value-addtion-AR-2011-12_0-ICAR.pdf,6,https://icar.gov.in/
Ground buffalo meat emulsion,Meat product,Polyamide/Polyethylene co-extruded film,MAP (70% O2/20% CO2/10% N2),Co-extruded multilayer film,-1C,Up to 15 days,"Stabilizes red colour of meat, reduces lipid oxidation",Not specified,Multilayer co-extruded film - not readily recyclable,ICAR-DARE Annual Report 2011-12,PHM-Value-addtion-AR-2011-12_0-ICAR.pdf,4,https://icar.gov.in/
Tapioca and fish curry (RTE meal),Ready-to-eat meal,"High Impact Polypropylene (HIPP) thermoformed tray, 3-layer retortable overwrap",Twin pack + retort pouch,Thermoformed tray + retort laminate,Ambient (retorted),3 months,Maintains sterility of retorted product at ambient storage,Not specified,Multilayer retort pouch - not readily recyclable,ICAR-DARE Annual Report 2011-12,PHM-Value-addtion-AR-2011-12_0-ICAR.pdf,6,https://icar.gov.in/
Smoked freshwater catfish,Fish (processed),Tin-free steel (TFS) can,Can,Rigid metal can,Ambient (canned),9 months,Long shelf-life via retort/canning; TFS avoids tin-plating,Steel is widely recycled,Steel cans are recyclable (magnetic separation in MRFs),ICAR-DARE Annual Report 2011-12,PHM-Value-addtion-AR-2011-12_0-ICAR.pdf,6,https://icar.gov.in/
"Foodgrains (wheat, rice, coarse grains, 50kg bulk)",Cereals/grains,Jute sacking bag (B-Twill / IS 16186:2014),Woven sack,Woven jute sack,Dry/ambient storage,Not specified (traditional bulk storage),Traditional standard for bulk foodgrain transport/storage; breathable natural fibre reduces condensation risk,Jute is a renewable natural fibre,Jute bags are biodegradable/compostable and widely reused,ICAR-DARE Annual Report 2011-12,BIS Food Packaging Handbook.pdf,251,https://icar.gov.in/
Milk and milk products,Milk and milk products,Glass bottle with metal caps or plastic (PP/HDPE) caps,,,,,Listed in FSSAI Schedule IV as a suggestive (non-exhaustive) approved packaging material for this food category,,,FSSAI,FSSAI_Packaging_Regulations.pdf,8,https://www.fssai.gov.in/upload/uploadfiles/files/Compendium_Packaging_Labelling_Regulations_28_01_2022.pdf
Milk and milk products,Milk and milk products,Rigid plastic container (PET) with PP/HDPE caps,,,,,Listed in FSSAI Schedule IV as a suggestive (non-exhaustive) approved packaging material for this food category,,,FSSAI,FSSAI_Packaging_Regulations.pdf,8,https://www.fssai.gov.in/upload/uploadfiles/files/Compendium_Packaging_Labelling_Regulations_28_01_2022.pdf
Milk and milk products,Milk and milk products,Rigid plastic container (HDPE/PP/PS) with PP/HDPE caps,,,,,Listed in FSSAI Schedule IV as a suggestive (non-exhaustive) approved packaging material for this food category,,,FSSAI,FSSAI_Packaging_Regulations.pdf,8,https://www.fssai.gov.in/upload/uploadfiles/files/Compendium_Packaging_Labelling_Regulations_28_01_2022.pdf
Milk and milk products,Milk and milk products,Flexible plastic pouch (PE or PP-based co-extruded multilayer),,,,,Listed in FSSAI Schedule IV as a suggestive (non-exhaustive) approved packaging material for this food category,,,FSSAI,FSSAI_Packaging_Regulations.pdf,8,https://www.fssai.gov.in/upload/uploadfiles/files/Compendium_Packaging_Labelling_Regulations_28_01_2022.pdf
Milk and milk products,Milk and milk products,Aseptic flexible multilayer packaging (paperboard/aluminium foil/PE),,,,,Listed in FSSAI Schedule IV as a suggestive (non-exhaustive) approved packaging material for this food category,,,FSSAI,FSSAI_Packaging_Regulations.pdf,8,https://www.fssai.gov.in/upload/uploadfiles/files/Compendium_Packaging_Labelling_Regulations_28_01_2022.pdf
Milk and milk products,Milk and milk products,Tin plate container,,,,,Listed in FSSAI Schedule IV as a suggestive (non-exhaustive) approved packaging material for this food category,,,FSSAI,FSSAI_Packaging_Regulations.pdf,8,https://www.fssai.gov.in/upload/uploadfiles/files/Compendium_Packaging_Labelling_Regulations_28_01_2022.pdf
Milk and milk products,Milk and milk products,Paper-based lined cartons with aluminium-foil-laminated liner,,,,,Listed in FSSAI Schedule IV as a suggestive (non-exhaustive) approved packaging material for this food category,,,FSSAI,FSSAI_Packaging_Regulations.pdf,8,https://www.fssai.gov.in/upload/uploadfiles/files/Compendium_Packaging_Labelling_Regulations_28_01_2022.pdf
Milk and milk products,Milk and milk products,Plastic (PP/PS) cups with paper or peel-off lid,,,,,Listed in FSSAI Schedule IV as a suggestive (non-exhaustive) approved packaging material for this food category,,,FSSAI,FSSAI_Packaging_Regulations.pdf,8,https://www.fssai.gov.in/upload/uploadfiles/files/Compendium_Packaging_Labelling_Regulations_28_01_2022.pdf
Milk and milk products,Milk and milk products,Wax-coated paper butter wrapper,,,,,Listed in FSSAI Schedule IV as a suggestive (non-exhaustive) approved packaging material for this food category,,,FSSAI,FSSAI_Packaging_Regulations.pdf,8,https://www.fssai.gov.in/upload/uploadfiles/files/Compendium_Packaging_Labelling_Regulations_28_01_2022.pdf
Milk and milk products,Milk and milk products,Paper/paperboard folding carton with butter paper wrap inside,,,,,Listed in FSSAI Schedule IV as a suggestive (non-exhaustive) approved packaging material for this food category,,,FSSAI,FSSAI_Packaging_Regulations.pdf,8,https://www.fssai.gov.in/upload/uploadfiles/files/Compendium_Packaging_Labelling_Regulations_28_01_2022.pdf
Milk and milk products,Milk and milk products,Metal container with PP caps or metal/plastic lid,,,,,Listed in FSSAI Schedule IV as a suggestive (non-exhaustive) approved packaging material for this food category,,,FSSAI,FSSAI_Packaging_Regulations.pdf,8,https://www.fssai.gov.in/upload/uploadfiles/files/Compendium_Packaging_Labelling_Regulations_28_01_2022.pdf
Milk and milk products,Milk and milk products,Plastic PET container with plastic lid,,,,,Listed in FSSAI Schedule IV as a suggestive (non-exhaustive) approved packaging material for this food category,,,FSSAI,FSSAI_Packaging_Regulations.pdf,8,https://www.fssai.gov.in/upload/uploadfiles/files/Compendium_Packaging_Labelling_Regulations_28_01_2022.pdf
Milk and milk products,Milk and milk products,Thermoform cup/tray with paper or peel-off lid,,,,,Listed in FSSAI Schedule IV as a suggestive (non-exhaustive) approved packaging material for this food category,,,FSSAI,FSSAI_Packaging_Regulations.pdf,8,https://www.fssai.gov.in/upload/uploadfiles/files/Compendium_Packaging_Labelling_Regulations_28_01_2022.pdf
Milk and milk products,Milk and milk products,Paper/paperboard box with or without plastic-film lamination,,,,,Listed in FSSAI Schedule IV as a suggestive (non-exhaustive) approved packaging material for this food category,,,FSSAI,FSSAI_Packaging_Regulations.pdf,8,https://www.fssai.gov.in/upload/uploadfiles/files/Compendium_Packaging_Labelling_Regulations_28_01_2022.pdf
Milk and milk products,Milk and milk products,Paper/paperboard box with grease-proof paper liner,,,,,Listed in FSSAI Schedule IV as a suggestive (non-exhaustive) approved packaging material for this food category,,,FSSAI,FSSAI_Packaging_Regulations.pdf,8,https://www.fssai.gov.in/upload/uploadfiles/files/Compendium_Packaging_Labelling_Regulations_28_01_2022.pdf
Milk and milk products,Milk and milk products,Plastic multilayer flexible laminated heat-sealed pouch,,,,,Listed in FSSAI Schedule IV as a suggestive (non-exhaustive) approved packaging material for this food category,,,FSSAI,FSSAI_Packaging_Regulations.pdf,8,https://www.fssai.gov.in/upload/uploadfiles/files/Compendium_Packaging_Labelling_Regulations_28_01_2022.pdf
Milk and milk products,Milk and milk products,Mud/clay pot,,,,,Listed in FSSAI Schedule IV as a suggestive (non-exhaustive) approved packaging material for this food category,,,FSSAI,FSSAI_Packaging_Regulations.pdf,8,https://www.fssai.gov.in/upload/uploadfiles/files/Compendium_Packaging_Labelling_Regulations_28_01_2022.pdf
Milk and milk products,Milk and milk products,Thermoformed plastic container (blister pack) with aluminium foil or PE lid,,,,,Listed in FSSAI Schedule IV as a suggestive (non-exhaustive) approved packaging material for this food category,,,FSSAI,FSSAI_Packaging_Regulations.pdf,8,https://www.fssai.gov.in/upload/uploadfiles/files/Compendium_Packaging_Labelling_Regulations_28_01_2022.pdf
"Fats, oils and fat emulsions","Fats, oils and fat emulsions",Tin plate container,,,,,Listed in FSSAI Schedule IV as a suggestive (non-exhaustive) approved packaging material for this food category,,,FSSAI,FSSAI_Packaging_Regulations.pdf,10,https://www.fssai.gov.in/upload/uploadfiles/files/Compendium_Packaging_Labelling_Regulations_28_01_2022.pdf
"Fats, oils and fat emulsions","Fats, oils and fat emulsions",Glass bottle with metal or PP/HDPE caps,,,,,Listed in FSSAI Schedule IV as a suggestive (non-exhaustive) approved packaging material for this food category,,,FSSAI,FSSAI_Packaging_Regulations.pdf,10,https://www.fssai.gov.in/upload/uploadfiles/files/Compendium_Packaging_Labelling_Regulations_28_01_2022.pdf
"Fats, oils and fat emulsions","Fats, oils and fat emulsions",Plastic rigid HDPE jar,,,,,Listed in FSSAI Schedule IV as a suggestive (non-exhaustive) approved packaging material for this food category,,,FSSAI,FSSAI_Packaging_Regulations.pdf,10,https://www.fssai.gov.in/upload/uploadfiles/files/Compendium_Packaging_Labelling_Regulations_28_01_2022.pdf
"Fats, oils and fat emulsions","Fats, oils and fat emulsions",Plastic PET bottle/jar with plastic caps,,,,,Listed in FSSAI Schedule IV as a suggestive (non-exhaustive) approved packaging material for this food category,,,FSSAI,FSSAI_Packaging_Regulations.pdf,10,https://www.fssai.gov.in/upload/uploadfiles/files/Compendium_Packaging_Labelling_Regulations_28_01_2022.pdf
"Fats, oils and fat emulsions","Fats, oils and fat emulsions",Plastic pouch (multilayer laminated or co-extruded),,,,,Listed in FSSAI Schedule IV as a suggestive (non-exhaustive) approved packaging material for this food category,,,FSSAI,FSSAI_Packaging_Regulations.pdf,10,https://www.fssai.gov.in/upload/uploadfiles/files/Compendium_Packaging_Labelling_Regulations_28_01_2022.pdf
"Fats, oils and fat emulsions","Fats, oils and fat emulsions",Aseptic flexible multilayer packaging (paperboard/aluminium foil/PE),,,,,Listed in FSSAI Schedule IV as a suggestive (non-exhaustive) approved packaging material for this food category,,,FSSAI,FSSAI_Packaging_Regulations.pdf,10,https://www.fssai.gov.in/upload/uploadfiles/files/Compendium_Packaging_Labelling_Regulations_28_01_2022.pdf
"Fats, oils and fat emulsions","Fats, oils and fat emulsions",Plastic laminated pouch in duplex board box (bag-in-box),,,,,Listed in FSSAI Schedule IV as a suggestive (non-exhaustive) approved packaging material for this food category,,,FSSAI,FSSAI_Packaging_Regulations.pdf,10,https://www.fssai.gov.in/upload/uploadfiles/files/Compendium_Packaging_Labelling_Regulations_28_01_2022.pdf
"Fats, oils and fat emulsions","Fats, oils and fat emulsions",Thermoformed plastic jar with plastic caps,,,,,Listed in FSSAI Schedule IV as a suggestive (non-exhaustive) approved packaging material for this food category,,,FSSAI,FSSAI_Packaging_Regulations.pdf,10,https://www.fssai.gov.in/upload/uploadfiles/files/Compendium_Packaging_Labelling_Regulations_28_01_2022.pdf
"Fats, oils and fat emulsions","Fats, oils and fat emulsions",Paper-based lined carton with aluminium-foil-laminated liner,,,,,Listed in FSSAI Schedule IV as a suggestive (non-exhaustive) approved packaging material for this food category,,,FSSAI,FSSAI_Packaging_Regulations.pdf,10,https://www.fssai.gov.in/upload/uploadfiles/files/Compendium_Packaging_Labelling_Regulations_28_01_2022.pdf
Fruit & Vegetable products,Fruit & Vegetable products,Glass bottle with metal or PP/HDPE caps,,,,,Listed in FSSAI Schedule IV as a suggestive (non-exhaustive) approved packaging material for this food category,,,FSSAI,FSSAI_Packaging_Regulations.pdf,10,https://www.fssai.gov.in/upload/uploadfiles/files/Compendium_Packaging_Labelling_Regulations_28_01_2022.pdf
Fruit & Vegetable products,Fruit & Vegetable products,Aluminium can with easy-open end,,,,,Listed in FSSAI Schedule IV as a suggestive (non-exhaustive) approved packaging material for this food category,,,FSSAI,FSSAI_Packaging_Regulations.pdf,10,https://www.fssai.gov.in/upload/uploadfiles/files/Compendium_Packaging_Labelling_Regulations_28_01_2022.pdf
Fruit & Vegetable products,Fruit & Vegetable products,Tinplate container,,,,,Listed in FSSAI Schedule IV as a suggestive (non-exhaustive) approved packaging material for this food category,,,FSSAI,FSSAI_Packaging_Regulations.pdf,10,https://www.fssai.gov.in/upload/uploadfiles/files/Compendium_Packaging_Labelling_Regulations_28_01_2022.pdf
Fruit & Vegetable products,Fruit & Vegetable products,Aseptic flexible multilayer packaging (paperboard/aluminium foil/PE),,,,,Listed in FSSAI Schedule IV as a suggestive (non-exhaustive) approved packaging material for this food category,,,FSSAI,FSSAI_Packaging_Regulations.pdf,10,https://www.fssai.gov.in/upload/uploadfiles/files/Compendium_Packaging_Labelling_Regulations_28_01_2022.pdf
Fruit & Vegetable products,Fruit & Vegetable products,"Plastic rigid jar (HDPE or co-extruded, with PP/HDPE caps)",,,,,Listed in FSSAI Schedule IV as a suggestive (non-exhaustive) approved packaging material for this food category,,,FSSAI,FSSAI_Packaging_Regulations.pdf,10,https://www.fssai.gov.in/upload/uploadfiles/files/Compendium_Packaging_Labelling_Regulations_28_01_2022.pdf
Fruit & Vegetable products,Fruit & Vegetable products,Stand-up pouch with plastic spout,,,,,Listed in FSSAI Schedule IV as a suggestive (non-exhaustive) approved packaging material for this food category,,,FSSAI,FSSAI_Packaging_Regulations.pdf,10,https://www.fssai.gov.in/upload/uploadfiles/files/Compendium_Packaging_Labelling_Regulations_28_01_2022.pdf
Fruit & Vegetable products,Fruit & Vegetable products,Flexible plastic pouch (PE or laminated structure),,,,,Listed in FSSAI Schedule IV as a suggestive (non-exhaustive) approved packaging material for this food category,,,FSSAI,FSSAI_Packaging_Regulations.pdf,10,https://www.fssai.gov.in/upload/uploadfiles/files/Compendium_Packaging_Labelling_Regulations_28_01_2022.pdf
Fruit & Vegetable products,Fruit & Vegetable products,Thermoformed plastic container (blister pack) with foil/PE lid,,,,,Listed in FSSAI Schedule IV as a suggestive (non-exhaustive) approved packaging material for this food category,,,FSSAI,FSSAI_Packaging_Regulations.pdf,10,https://www.fssai.gov.in/upload/uploadfiles/files/Compendium_Packaging_Labelling_Regulations_28_01_2022.pdf
Fruit & Vegetable products,Fruit & Vegetable products,Plastic jar (co-extruded) with metal caps,,,,,Listed in FSSAI Schedule IV as a suggestive (non-exhaustive) approved packaging material for this food category,,,FSSAI,FSSAI_Packaging_Regulations.pdf,10,https://www.fssai.gov.in/upload/uploadfiles/files/Compendium_Packaging_Labelling_Regulations_28_01_2022.pdf
Fruit & Vegetable products,Fruit & Vegetable products,Plastic tray with overwrap,,,,,Listed in FSSAI Schedule IV as a suggestive (non-exhaustive) approved packaging material for this food category,,,FSSAI,FSSAI_Packaging_Regulations.pdf,10,https://www.fssai.gov.in/upload/uploadfiles/files/Compendium_Packaging_Labelling_Regulations_28_01_2022.pdf
Fruit & Vegetable products,Fruit & Vegetable products,PET/PP/PVC punnets,,,,,Listed in FSSAI Schedule IV as a suggestive (non-exhaustive) approved packaging material for this food category,,,FSSAI,FSSAI_Packaging_Regulations.pdf,10,https://www.fssai.gov.in/upload/uploadfiles/files/Compendium_Packaging_Labelling_Regulations_28_01_2022.pdf
Sweets and Confectionery,Sweets and Confectionery,Metal container with PP cap or metal/plastic lid,,,,,Listed in FSSAI Schedule IV as a suggestive (non-exhaustive) approved packaging material for this food category,,,FSSAI,FSSAI_Packaging_Regulations.pdf,11,https://www.fssai.gov.in/upload/uploadfiles/files/Compendium_Packaging_Labelling_Regulations_28_01_2022.pdf
Sweets and Confectionery,Sweets and Confectionery,Plastic multilayer laminated heat-sealed pouch,,,,,Listed in FSSAI Schedule IV as a suggestive (non-exhaustive) approved packaging material for this food category,,,FSSAI,FSSAI_Packaging_Regulations.pdf,11,https://www.fssai.gov.in/upload/uploadfiles/files/Compendium_Packaging_Labelling_Regulations_28_01_2022.pdf
Sweets and Confectionery,Sweets and Confectionery,Composite container (paperboard/aluminium foil/plastic film) with plastic or metal lid,,,,,Listed in FSSAI Schedule IV as a suggestive (non-exhaustive) approved packaging material for this food category,,,FSSAI,FSSAI_Packaging_Regulations.pdf,11,https://www.fssai.gov.in/upload/uploadfiles/files/Compendium_Packaging_Labelling_Regulations_28_01_2022.pdf
Sweets and Confectionery,Sweets and Confectionery,Plastic rigid container,,,,,Listed in FSSAI Schedule IV as a suggestive (non-exhaustive) approved packaging material for this food category,,,FSSAI,FSSAI_Packaging_Regulations.pdf,11,https://www.fssai.gov.in/upload/uploadfiles/files/Compendium_Packaging_Labelling_Regulations_28_01_2022.pdf
Sweets and Confectionery,Sweets and Confectionery,Foil wrap,,,,,Listed in FSSAI Schedule IV as a suggestive (non-exhaustive) approved packaging material for this food category,,,FSSAI,FSSAI_Packaging_Regulations.pdf,11,https://www.fssai.gov.in/upload/uploadfiles/files/Compendium_Packaging_Labelling_Regulations_28_01_2022.pdf
Sweets and Confectionery,Sweets and Confectionery,Plastic film twist wrap (PET/PP/PVC),,,,,Listed in FSSAI Schedule IV as a suggestive (non-exhaustive) approved packaging material for this food category,,,FSSAI,FSSAI_Packaging_Regulations.pdf,11,https://www.fssai.gov.in/upload/uploadfiles/files/Compendium_Packaging_Labelling_Regulations_28_01_2022.pdf
Sweets and Confectionery,Sweets and Confectionery,Thermoformed tray and punnet with lid,,,,,Listed in FSSAI Schedule IV as a suggestive (non-exhaustive) approved packaging material for this food category,,,FSSAI,FSSAI_Packaging_Regulations.pdf,11,https://www.fssai.gov.in/upload/uploadfiles/files/Compendium_Packaging_Labelling_Regulations_28_01_2022.pdf
Sweets and Confectionery,Sweets and Confectionery,Glass bottle with metal or plastic caps,,,,,Listed in FSSAI Schedule IV as a suggestive (non-exhaustive) approved packaging material for this food category,,,FSSAI,FSSAI_Packaging_Regulations.pdf,11,https://www.fssai.gov.in/upload/uploadfiles/files/Compendium_Packaging_Labelling_Regulations_28_01_2022.pdf
Sweets and Confectionery,Sweets and Confectionery,Plastic cup with film lid,,,,,Listed in FSSAI Schedule IV as a suggestive (non-exhaustive) approved packaging material for this food category,,,FSSAI,FSSAI_Packaging_Regulations.pdf,11,https://www.fssai.gov.in/upload/uploadfiles/files/Compendium_Packaging_Labelling_Regulations_28_01_2022.pdf
Cereals and cereal products,Cereals and cereal products,Tin container,,,,,Listed in FSSAI Schedule IV as a suggestive (non-exhaustive) approved packaging material for this food category,,,FSSAI,FSSAI_Packaging_Regulations.pdf,11,https://www.fssai.gov.in/upload/uploadfiles/files/Compendium_Packaging_Labelling_Regulations_28_01_2022.pdf
Cereals and cereal products,Cereals and cereal products,Aluminium-foil-based laminated pouch in metal container,,,,,Listed in FSSAI Schedule IV as a suggestive (non-exhaustive) approved packaging material for this food category,,,FSSAI,FSSAI_Packaging_Regulations.pdf,11,https://www.fssai.gov.in/upload/uploadfiles/files/Compendium_Packaging_Labelling_Regulations_28_01_2022.pdf
Cereals and cereal products,Cereals and cereal products,Wax-coated paper wrapper,,,,,Listed in FSSAI Schedule IV as a suggestive (non-exhaustive) approved packaging material for this food category,,,FSSAI,FSSAI_Packaging_Regulations.pdf,11,https://www.fssai.gov.in/upload/uploadfiles/files/Compendium_Packaging_Labelling_Regulations_28_01_2022.pdf
Cereals and cereal products,Cereals and cereal products,Three-layer laminated wrapper,,,,,Listed in FSSAI Schedule IV as a suggestive (non-exhaustive) approved packaging material for this food category,,,FSSAI,FSSAI_Packaging_Regulations.pdf,11,https://www.fssai.gov.in/upload/uploadfiles/files/Compendium_Packaging_Labelling_Regulations_28_01_2022.pdf
Cereals and cereal products,Cereals and cereal products,Plastic multilayer laminated pouch (heat sealed),,,,,Listed in FSSAI Schedule IV as a suggestive (non-exhaustive) approved packaging material for this food category,,,FSSAI,FSSAI_Packaging_Regulations.pdf,11,https://www.fssai.gov.in/upload/uploadfiles/files/Compendium_Packaging_Labelling_Regulations_28_01_2022.pdf
Cereals and cereal products,Cereals and cereal products,Plastic thermoform container with plastic lid,,,,,Listed in FSSAI Schedule IV as a suggestive (non-exhaustive) approved packaging material for this food category,,,FSSAI,FSSAI_Packaging_Regulations.pdf,11,https://www.fssai.gov.in/upload/uploadfiles/files/Compendium_Packaging_Labelling_Regulations_28_01_2022.pdf
Cereals and cereal products,Cereals and cereal products,Lined carton with multilayer laminated liner,,,,,Listed in FSSAI Schedule IV as a suggestive (non-exhaustive) approved packaging material for this food category,,,FSSAI,FSSAI_Packaging_Regulations.pdf,11,https://www.fssai.gov.in/upload/uploadfiles/files/Compendium_Packaging_Labelling_Regulations_28_01_2022.pdf
Cereals and cereal products,Cereals and cereal products,Plastic multilayer laminated zipper pouch,,,,,Listed in FSSAI Schedule IV as a suggestive (non-exhaustive) approved packaging material for this food category,,,FSSAI,FSSAI_Packaging_Regulations.pdf,11,https://www.fssai.gov.in/upload/uploadfiles/files/Compendium_Packaging_Labelling_Regulations_28_01_2022.pdf
Cereals and cereal products,Cereals and cereal products,Thermoform tray with plastic lid or overwrap,,,,,Listed in FSSAI Schedule IV as a suggestive (non-exhaustive) approved packaging material for this food category,,,FSSAI,FSSAI_Packaging_Regulations.pdf,11,https://www.fssai.gov.in/upload/uploadfiles/files/Compendium_Packaging_Labelling_Regulations_28_01_2022.pdf
Cereals and cereal products,Cereals and cereal products,Glass bottle with metal caps,,,,,Listed in FSSAI Schedule IV as a suggestive (non-exhaustive) approved packaging material for this food category,,,FSSAI,FSSAI_Packaging_Regulations.pdf,11,https://www.fssai.gov.in/upload/uploadfiles/files/Compendium_Packaging_Labelling_Regulations_28_01_2022.pdf
Cereals and cereal products,Cereals and cereal products,PET or rigid plastic container with metal/PP/HDPE caps,,,,,Listed in FSSAI Schedule IV as a suggestive (non-exhaustive) approved packaging material for this food category,,,FSSAI,FSSAI_Packaging_Regulations.pdf,11,https://www.fssai.gov.in/upload/uploadfiles/files/Compendium_Packaging_Labelling_Regulations_28_01_2022.pdf
Cereals and cereal products,Cereals and cereal products,Plastic film or co-extruded film (PP/PE),,,,,Listed in FSSAI Schedule IV as a suggestive (non-exhaustive) approved packaging material for this food category,,,FSSAI,FSSAI_Packaging_Regulations.pdf,11,https://www.fssai.gov.in/upload/uploadfiles/files/Compendium_Packaging_Labelling_Regulations_28_01_2022.pdf
Meat and Meat Products or Poultry Products,Meat and Meat Products or Poultry Products,Glass jar with PP/HDPE caps,,,,,Listed in FSSAI Schedule IV as a suggestive (non-exhaustive) approved packaging material for this food category,,,FSSAI,FSSAI_Packaging_Regulations.pdf,12,https://www.fssai.gov.in/upload/uploadfiles/files/Compendium_Packaging_Labelling_Regulations_28_01_2022.pdf
Meat and Meat Products or Poultry Products,Meat and Meat Products or Poultry Products,Metal container with metal lid (lacquered tin),,,,,Listed in FSSAI Schedule IV as a suggestive (non-exhaustive) approved packaging material for this food category,,,FSSAI,FSSAI_Packaging_Regulations.pdf,12,https://www.fssai.gov.in/upload/uploadfiles/files/Compendium_Packaging_Labelling_Regulations_28_01_2022.pdf
Meat and Meat Products or Poultry Products,Meat and Meat Products or Poultry Products,Plastic flexible pouch in paper/paperboard carton,,,,,Listed in FSSAI Schedule IV as a suggestive (non-exhaustive) approved packaging material for this food category,,,FSSAI,FSSAI_Packaging_Regulations.pdf,12,https://www.fssai.gov.in/upload/uploadfiles/files/Compendium_Packaging_Labelling_Regulations_28_01_2022.pdf
Meat and Meat Products or Poultry Products,Meat and Meat Products or Poultry Products,Plastic multilayer flexible laminate heat-sealed pouch,,,,,Listed in FSSAI Schedule IV as a suggestive (non-exhaustive) approved packaging material for this food category,,,FSSAI,FSSAI_Packaging_Regulations.pdf,12,https://www.fssai.gov.in/upload/uploadfiles/files/Compendium_Packaging_Labelling_Regulations_28_01_2022.pdf
Meat and Meat Products or Poultry Products,Meat and Meat Products or Poultry Products,Plastic tray with overwrap,,,,,Listed in FSSAI Schedule IV as a suggestive (non-exhaustive) approved packaging material for this food category,,,FSSAI,FSSAI_Packaging_Regulations.pdf,12,https://www.fssai.gov.in/upload/uploadfiles/files/Compendium_Packaging_Labelling_Regulations_28_01_2022.pdf
Meat and Meat Products or Poultry Products,Meat and Meat Products or Poultry Products,Aluminium foil wrap,,,,,Listed in FSSAI Schedule IV as a suggestive (non-exhaustive) approved packaging material for this food category,,,FSSAI,FSSAI_Packaging_Regulations.pdf,12,https://www.fssai.gov.in/upload/uploadfiles/files/Compendium_Packaging_Labelling_Regulations_28_01_2022.pdf
Meat and Meat Products or Poultry Products,Meat and Meat Products or Poultry Products,PET punnet/container with plastic caps,,,,,Listed in FSSAI Schedule IV as a suggestive (non-exhaustive) approved packaging material for this food category,,,FSSAI,FSSAI_Packaging_Regulations.pdf,12,https://www.fssai.gov.in/upload/uploadfiles/files/Compendium_Packaging_Labelling_Regulations_28_01_2022.pdf
Fish and fish products or Seafood,Fish and fish products or Seafood,Glass jar with PP/HDPE caps,,,,,Listed in FSSAI Schedule IV as a suggestive (non-exhaustive) approved packaging material for this food category,,,FSSAI,FSSAI_Packaging_Regulations.pdf,12,https://www.fssai.gov.in/upload/uploadfiles/files/Compendium_Packaging_Labelling_Regulations_28_01_2022.pdf
Fish and fish products or Seafood,Fish and fish products or Seafood,Metal container with metal lid (lacquered tin),,,,,Listed in FSSAI Schedule IV as a suggestive (non-exhaustive) approved packaging material for this food category,,,FSSAI,FSSAI_Packaging_Regulations.pdf,12,https://www.fssai.gov.in/upload/uploadfiles/files/Compendium_Packaging_Labelling_Regulations_28_01_2022.pdf
Fish and fish products or Seafood,Fish and fish products or Seafood,PET punnet/container with plastic caps,,,,,Listed in FSSAI Schedule IV as a suggestive (non-exhaustive) approved packaging material for this food category,,,FSSAI,FSSAI_Packaging_Regulations.pdf,12,https://www.fssai.gov.in/upload/uploadfiles/files/Compendium_Packaging_Labelling_Regulations_28_01_2022.pdf
Fish and fish products or Seafood,Fish and fish products or Seafood,Plastic multilayer flexible laminate heat-sealed pouch,,,,,Listed in FSSAI Schedule IV as a suggestive (non-exhaustive) approved packaging material for this food category,,,FSSAI,FSSAI_Packaging_Regulations.pdf,12,https://www.fssai.gov.in/upload/uploadfiles/files/Compendium_Packaging_Labelling_Regulations_28_01_2022.pdf
Fish and fish products or Seafood,Fish and fish products or Seafood,Plastic tray with overwrap,,,,,Listed in FSSAI Schedule IV as a suggestive (non-exhaustive) approved packaging material for this food category,,,FSSAI,FSSAI_Packaging_Regulations.pdf,12,https://www.fssai.gov.in/upload/uploadfiles/files/Compendium_Packaging_Labelling_Regulations_28_01_2022.pdf
Sweetening agents including Honey,Sweetening agents including Honey,Glass bottle with metal or PP/HDPE caps,,,,,Listed in FSSAI Schedule IV as a suggestive (non-exhaustive) approved packaging material for this food category,,,FSSAI,FSSAI_Packaging_Regulations.pdf,13,https://www.fssai.gov.in/upload/uploadfiles/files/Compendium_Packaging_Labelling_Regulations_28_01_2022.pdf
Sweetening agents including Honey,Sweetening agents including Honey,Plastic thermoformed container,,,,,Listed in FSSAI Schedule IV as a suggestive (non-exhaustive) approved packaging material for this food category,,,FSSAI,FSSAI_Packaging_Regulations.pdf,13,https://www.fssai.gov.in/upload/uploadfiles/files/Compendium_Packaging_Labelling_Regulations_28_01_2022.pdf
Sweetening agents including Honey,Sweetening agents including Honey,Blister pack with foil or PE lid,,,,,Listed in FSSAI Schedule IV as a suggestive (non-exhaustive) approved packaging material for this food category,,,FSSAI,FSSAI_Packaging_Regulations.pdf,13,https://www.fssai.gov.in/upload/uploadfiles/files/Compendium_Packaging_Labelling_Regulations_28_01_2022.pdf
Sweetening agents including Honey,Sweetening agents including Honey,PET container with plastic caps,,,,,Listed in FSSAI Schedule IV as a suggestive (non-exhaustive) approved packaging material for this food category,,,FSSAI,FSSAI_Packaging_Regulations.pdf,13,https://www.fssai.gov.in/upload/uploadfiles/files/Compendium_Packaging_Labelling_Regulations_28_01_2022.pdf
Sweetening agents including Honey,Sweetening agents including Honey,Plastic laminated tube,,,,,Listed in FSSAI Schedule IV as a suggestive (non-exhaustive) approved packaging material for this food category,,,FSSAI,FSSAI_Packaging_Regulations.pdf,13,https://www.fssai.gov.in/upload/uploadfiles/files/Compendium_Packaging_Labelling_Regulations_28_01_2022.pdf
"Salt, spices, Condiments and related products","Salt, spices, Condiments and related products",Glass bottle with metal or PP/HDPE caps,,,,,Listed in FSSAI Schedule IV as a suggestive (non-exhaustive) approved packaging material for this food category,,,FSSAI,FSSAI_Packaging_Regulations.pdf,13,https://www.fssai.gov.in/upload/uploadfiles/files/Compendium_Packaging_Labelling_Regulations_28_01_2022.pdf
"Salt, spices, Condiments and related products","Salt, spices, Condiments and related products",Plastic rigid container (PET/HDPE) with plastic cap,,,,,Listed in FSSAI Schedule IV as a suggestive (non-exhaustive) approved packaging material for this food category,,,FSSAI,FSSAI_Packaging_Regulations.pdf,13,https://www.fssai.gov.in/upload/uploadfiles/files/Compendium_Packaging_Labelling_Regulations_28_01_2022.pdf
"Salt, spices, Condiments and related products","Salt, spices, Condiments and related products",Paper/paperboard or aluminium foil or plastic film composite container,,,,,Listed in FSSAI Schedule IV as a suggestive (non-exhaustive) approved packaging material for this food category,,,FSSAI,FSSAI_Packaging_Regulations.pdf,13,https://www.fssai.gov.in/upload/uploadfiles/files/Compendium_Packaging_Labelling_Regulations_28_01_2022.pdf
"Salt, spices, Condiments and related products","Salt, spices, Condiments and related products",Folding carton with plastic flexible laminated (heat sealed) pouch inside,,,,,Listed in FSSAI Schedule IV as a suggestive (non-exhaustive) approved packaging material for this food category,,,FSSAI,FSSAI_Packaging_Regulations.pdf,13,https://www.fssai.gov.in/upload/uploadfiles/files/Compendium_Packaging_Labelling_Regulations_28_01_2022.pdf
"Salt, spices, Condiments and related products","Salt, spices, Condiments and related products",Plastic multilayer laminated pouch (heat sealed),,,,,Listed in FSSAI Schedule IV as a suggestive (non-exhaustive) approved packaging material for this food category,,,FSSAI,FSSAI_Packaging_Regulations.pdf,13,https://www.fssai.gov.in/upload/uploadfiles/files/Compendium_Packaging_Labelling_Regulations_28_01_2022.pdf
Beverages (other than Dairy and Fruits & Vegetables based),Beverages (other than Dairy and Fruits & Vegetables based),Plastic bottle (PET or Polycarbonate) with PP/HDPE/aluminium caps,,,,,Listed in FSSAI Schedule IV as a suggestive (non-exhaustive) approved packaging material for this food category,,,FSSAI,FSSAI_Packaging_Regulations.pdf,13,https://www.fssai.gov.in/upload/uploadfiles/files/Compendium_Packaging_Labelling_Regulations_28_01_2022.pdf
Beverages (other than Dairy and Fruits & Vegetables based),Beverages (other than Dairy and Fruits & Vegetables based),Heat-sealed plastic (PE) pouch,,,,,Listed in FSSAI Schedule IV as a suggestive (non-exhaustive) approved packaging material for this food category,,,FSSAI,FSSAI_Packaging_Regulations.pdf,13,https://www.fssai.gov.in/upload/uploadfiles/files/Compendium_Packaging_Labelling_Regulations_28_01_2022.pdf
Beverages (other than Dairy and Fruits & Vegetables based),Beverages (other than Dairy and Fruits & Vegetables based),Glass bottle with metal or plastic caps,,,,,Listed in FSSAI Schedule IV as a suggestive (non-exhaustive) approved packaging material for this food category,,,FSSAI,FSSAI_Packaging_Regulations.pdf,13,https://www.fssai.gov.in/upload/uploadfiles/files/Compendium_Packaging_Labelling_Regulations_28_01_2022.pdf
Beverages (other than Dairy and Fruits & Vegetables based),Beverages (other than Dairy and Fruits & Vegetables based),PE pouch in corrugated fibreboard box,,,,,Listed in FSSAI Schedule IV as a suggestive (non-exhaustive) approved packaging material for this food category,,,FSSAI,FSSAI_Packaging_Regulations.pdf,13,https://www.fssai.gov.in/upload/uploadfiles/files/Compendium_Packaging_Labelling_Regulations_28_01_2022.pdf
Beverages (other than Dairy and Fruits & Vegetables based),Beverages (other than Dairy and Fruits & Vegetables based),Aluminium can with easy-open end,,,,,Listed in FSSAI Schedule IV as a suggestive (non-exhaustive) approved packaging material for this food category,,,FSSAI,FSSAI_Packaging_Regulations.pdf,13,https://www.fssai.gov.in/upload/uploadfiles/files/Compendium_Packaging_Labelling_Regulations_28_01_2022.pdf
Beverages (other than Dairy and Fruits & Vegetables based),Beverages (other than Dairy and Fruits & Vegetables based),Tin plate container,,,,,Listed in FSSAI Schedule IV as a suggestive (non-exhaustive) approved packaging material for this food category,,,FSSAI,FSSAI_Packaging_Regulations.pdf,13,https://www.fssai.gov.in/upload/uploadfiles/files/Compendium_Packaging_Labelling_Regulations_28_01_2022.pdf
Beverages (other than Dairy and Fruits & Vegetables based),Beverages (other than Dairy and Fruits & Vegetables based),Plastic pouch (laminated structure),,,,,Listed in FSSAI Schedule IV as a suggestive (non-exhaustive) approved packaging material for this food category,,,FSSAI,FSSAI_Packaging_Regulations.pdf,13,https://www.fssai.gov.in/upload/uploadfiles/files/Compendium_Packaging_Labelling_Regulations_28_01_2022.pdf
Beverages (other than Dairy and Fruits & Vegetables based),Beverages (other than Dairy and Fruits & Vegetables based),Aseptic flexible multilayer packaging (paperboard/aluminium foil/PE),,,,,Listed in FSSAI Schedule IV as a suggestive (non-exhaustive) approved packaging material for this food category,,,FSSAI,FSSAI_Packaging_Regulations.pdf,13,https://www.fssai.gov.in/upload/uploadfiles/files/Compendium_Packaging_Labelling_Regulations_28_01_2022.pdf
Beverages (other than Dairy and Fruits & Vegetables based),Beverages (other than Dairy and Fruits & Vegetables based),Plastic multilayer structure heat-sealed pouch,,,,,Listed in FSSAI Schedule IV as a suggestive (non-exhaustive) approved packaging material for this food category,,,FSSAI,FSSAI_Packaging_Regulations.pdf,13,https://www.fssai.gov.in/upload/uploadfiles/files/Compendium_Packaging_Labelling_Regulations_28_01_2022.pdf
Beverages (other than Dairy and Fruits & Vegetables based),Beverages (other than Dairy and Fruits & Vegetables based),Plastic multilayer structure heat-sealed zipper/stand-up pouch,,,,,Listed in FSSAI Schedule IV as a suggestive (non-exhaustive) approved packaging material for this food category,,,FSSAI,FSSAI_Packaging_Regulations.pdf,13,https://www.fssai.gov.in/upload/uploadfiles/files/Compendium_Packaging_Labelling_Regulations_28_01_2022.pdf
Beverages (other than Dairy and Fruits & Vegetables based),Beverages (other than Dairy and Fruits & Vegetables based),Metal container with PP caps or rigid plastic container with PP caps,,,,,Listed in FSSAI Schedule IV as a suggestive (non-exhaustive) approved packaging material for this food category,,,FSSAI,FSSAI_Packaging_Regulations.pdf,13,https://www.fssai.gov.in/upload/uploadfiles/files/Compendium_Packaging_Labelling_Regulations_28_01_2022.pdf
Beverages (other than Dairy and Fruits & Vegetables based),Beverages (other than Dairy and Fruits & Vegetables based),Wooden cask (for wines),,,,,Listed in FSSAI Schedule IV as a suggestive (non-exhaustive) approved packaging material for this food category,,,FSSAI,FSSAI_Packaging_Regulations.pdf,13,https://www.fssai.gov.in/upload/uploadfiles/files/Compendium_Packaging_Labelling_Regulations_28_01_2022.pdf
