food_name,food_category,moisture_content,fat_content,protein_content,pH,water_activity,perishability,moisture_sensitivity,oxygen_sensitivity,light_sensitivity,microbial_risk,storage_temperature,relative_humidity,atmosphere,packaging_material,packaging_type,thickness,OTR,WVTR,moisture_barrier,oxygen_barrier,light_barrier,strength,heat_sealability,food_packaging_compatibility,shelf_life,shelf_life_unit,recyclable,reusable,compostable,biodegradable,recommended,source
Soy paneer (tofu),Dairy/soy analogue,,,,,,,,,,,Ambient,,Sealed/sterile,Retortable pouch (polymer laminate),Retort pouch,,,,,,,,,,18.0,days,,,,,1,ICAR-DARE Annual Report 2011-12 / PHM-Value-addtion-AR-2011-12_0-ICAR.pdf (p.3)
Soy paneer (tofu),Dairy/soy analogue,,,,,,,,,,,5,,Sealed/sterile,Retortable pouch (polymer laminate),Retort pouch,,,,,,,,,,45.0,days,,,,,1,ICAR-DARE Annual Report 2011-12 / PHM-Value-addtion-AR-2011-12_0-ICAR.pdf (p.3)
Rohu/Catla fish patties (ready-to-eat/cook),Marine/freshwater fish,,,,,,,,,,,,,Vacuum,Laminated Polypropylene (PP),Vacuum,,,,,,,,,,3.0,months,,,,,1,ICAR-DARE Annual Report 2011-12 / PHM-Value-addtion-AR-2011-12_0-ICAR.pdf (p.3)
Rohu/Catla fish patties (ready-to-eat/cook),Marine/freshwater fish,,,,,,,,,,,,,Modified atmosphere,Laminated Polypropylene (PP),MAP,,,,,,,,,,3.0,months,,,,,1,ICAR-DARE Annual Report 2011-12 / PHM-Value-addtion-AR-2011-12_0-ICAR.pdf (p.3)
Fish cut-up parts/fingers/chunks/nuggets,Marine/freshwater fish,,,,,,,,,,,,,Chilled,Polypropylene (rigid) with lid,Rigid tub with lid,500 micron,,,,,,,,,7.0,days,,,,,1,ICAR-DARE Annual Report 2011-12 / PHM-Value-addtion-AR-2011-12_0-ICAR.pdf (p.3)
Fish cut-up parts/fingers/chunks/nuggets,Marine/freshwater fish,,,,,,,,,,,-20,,Frozen,Polypropylene (rigid) with lid,Rigid tub with lid,500 micron,,,,,,,,,3.0,months,,,,,1,ICAR-DARE Annual Report 2011-12 / PHM-Value-addtion-AR-2011-12_0-ICAR.pdf (p.3)
Sapota (sapodilla),Fruit,,,,,,,,,,,10,,Modified atmosphere,PD-961 film (selectively permeable),Flexible film pack,,,,,,,,,,3.0,weeks,,,,,1,ICAR-DARE Annual Report 2011-12 / PHM-Value-addtion-AR-2011-12_0-ICAR.pdf (p.4)
Aonla (Indian gooseberry),Fruit,,,,,,,,,,,12,,Modified atmosphere,PD-961 film (selectively permeable),Flexible film pack,,,,,,,,,,3.0,weeks,,,,,1,ICAR-DARE Annual Report 2011-12 / PHM-Value-addtion-AR-2011-12_0-ICAR.pdf (p.4)
Litchi,Fruit,,,,,,,,,,,Ambient,,Perforated (limited MA),"Perforated polyethylene, 200-gauge, litchi-leaf lined",Flexible perforated bag,200 gauge,,,,,,,,,4.0,days,,,,,1,ICAR-DARE Annual Report 2011-12 / PHM-Value-addtion-AR-2011-12_0-ICAR.pdf (p.4)
Apple cv Mollies Delicious,Fruit,,,,,,,,,,,5,,Sealed shrink wrap,Shrink wrap plastic film,Shrink film,25 micron,,,,,,,,,68.0,days,,,,,1,ICAR-DARE Annual Report 2011-12 / PHM-Value-addtion-AR-2011-12_0-ICAR.pdf (p.4)
Jasminum sambac (flowers),Cut flower,,,,,,,,,,,6,,Sealed bag,"Polyethylene (PE), 100-gauge",Flexible bag,100 gauge,,,,,,,,,9.0,days (extension),,,,,1,ICAR-DARE Annual Report 2011-12 / PHM-Value-addtion-AR-2011-12_0-ICAR.pdf (p.4)
Ground buffalo meat (emulsion),Meat product,,,,,,,,,,,-1,,Modified atmosphere,Polyamide/Polyethylene co-extruded film,MAP (70% O2/20% CO2/10% N2),,,,,,,,,,15.0,days,,,,,1,ICAR-DARE Annual Report 2011-12 / PHM-Value-addtion-AR-2011-12_0-ICAR.pdf (p.4)
Holi powder (cassava/tapioca based colour powder),Processed dry powder,,,,,,,,,,,Ambient,,Ambient,Polypropylene (PP),Flexible bag,,,,,,,,,,45.0,days,,,,,1,ICAR-DARE Annual Report 2011-12 / PHM-Value-addtion-AR-2011-12_0-ICAR.pdf (p.5)
Fermented buttermilk drink (dahi+cucumber),Dairy beverage,,,,,,,,,,,5,,Refrigerated,Glass,Rigid bottle,,,,,,,,,,15.0,days,,,,,1,ICAR-DARE Annual Report 2011-12 / PHM-Value-addtion-AR-2011-12_0-ICAR.pdf (p.6)
"Tapioca and fish curry (RTE meal, twin pack)",Ready-to-eat meal,,,,,,,,,,,Ambient,,Sterile (retorted),"High Impact Polypropylene (HIPP), thermoformed + 3-layer retortable overwrap",Thermoformed tray + retort pouch,,,,,,,,,,3.0,months,,,,,1,ICAR-DARE Annual Report 2011-12 / PHM-Value-addtion-AR-2011-12_0-ICAR.pdf (p.6)
Smoked and canned freshwater catfish (Wallago attu),Fish (canned),,,,,,,,,,,Ambient,,Canned (sterile),Tin-free steel (TFS),Rigid can,,,,,,,,,,9.0,months,,,,,1,ICAR-DARE Annual Report 2011-12 / PHM-Value-addtion-AR-2011-12_0-ICAR.pdf (p.6)
Yellow fin tuna chunks,Marine fish,,,,,,,,,,,1-2,,Vacuum,Ethyl vinyl alcohol (EVOH),Vacuum pouch,,,,,,,,,,,extended (no exact day count reported),,,,,1,ICAR-DARE Annual Report 2011-12 / PHM-Value-addtion-AR-2011-12_0-ICAR.pdf (p.6)
