material_id,material_name,material_family,typical_application,reference_thickness_micron,otr_low,otr_high,otr_unit,otr_test_condition,wvtr_low,wvtr_high,wvtr_unit,wvtr_test_condition,co2tr_note,tensile_strength_low_MPa,tensile_strength_high_MPa,mechanical_note,heat_seal_temp_C,sealability_rating,recyclability_note,key_limitation,data_origin,source_citation
REF-01,LDPE (Low-Density Polyethylene) film,Polyolefin,"General flexible pouches, bags, liners",25,6000,8000,cc/m2/day,"23C, 0% RH (ASTM D3985)",15,20,g/m2/24h,"38C, 90% RH (ASTM F1249)",~3-5x OTR (established O2:CO2 permeation ratio for polyolefins),10,20,"Good puncture/tear resistance, flexible",120-150,"Excellent (easy heat-seal, most common sealant layer)","Recyclable (resin code 4, if collected separately)",Poor O2 barrier - not suitable alone for oxygen-sensitive high-fat foods,REFERENCE VALUE (published literature),"Robertson, S. Food Packaging: Principles and Practice, 3rd ed., CRC Press, 2012; Selke, S. Plastics Packaging, 2nd ed."
REF-02,LLDPE (Linear Low-Density Polyethylene) film,Polyolefin,"Stretch film, tougher pouches",25,6500,8500,cc/m2/day,"23C, 0% RH (ASTM D3985)",12,18,g/m2/24h,"38C, 90% RH (ASTM F1249)",~3-5x OTR (established O2:CO2 permeation ratio for polyolefins),20,30,"Higher tensile/elongation than LDPE, good puncture resistance",110-140,Excellent,"Recyclable (resin code 4, if collected separately)","Poor O2 barrier, same as LDPE",REFERENCE VALUE (published literature),"Robertson, S. Food Packaging: Principles and Practice, 3rd ed., CRC Press, 2012"
REF-03,HDPE (High-Density Polyethylene) film,Polyolefin,"Rigid bottles, milk pouches, bags",25,1500,2500,cc/m2/day,"23C, 0% RH (ASTM D3985)",6,10,g/m2/24h,"38C, 90% RH (ASTM F1249)",~3-5x OTR (established O2:CO2 permeation ratio for polyolefins),20,35,"Stiffer than LDPE, good chemical resistance",130-160,Good,"Recyclable (resin code 2, widely accepted)",Moderate O2 barrier only; not suitable for long-shelf-life oxygen-sensitive foods alone,REFERENCE VALUE (published literature),"Robertson, S. Food Packaging: Principles and Practice, 3rd ed., CRC Press, 2012"
REF-04,CPP (Cast Polypropylene) film,Polyolefin,"Heat-seal layer in laminates, twist wrap",25,1500,2500,cc/m2/day,"23C, 0% RH (ASTM D3985)",5,7,g/m2/24h,"38C, 90% RH (ASTM F1249)",~3-5x OTR (established O2:CO2 permeation ratio for polyolefins),30,40,Good clarity and stiffness,140-170,Excellent (common inner sealant layer in laminates),"Recyclable (resin code 5, if collected separately)","Moderate barrier only; usually used as a seal layer within a laminate, not alone",REFERENCE VALUE (published literature),"Selke, S. Plastics Packaging, 2nd ed., Hanser, 2004"
REF-05,BOPP (Biaxially Oriented Polypropylene) film,Polyolefin,"Snack food overwrap, labels",20,1500,2000,cc/m2/day,"23C, 0% RH (ASTM D3985)",4,6,g/m2/24h,"38C, 90% RH (ASTM F1249)",~3-5x OTR (established O2:CO2 permeation ratio for polyolefins),130,200,High tensile strength from biaxial orientation; excellent optical clarity,Not directly heat-sealable,"Poor alone (needs a coextruded/laminated sealant layer, e.g. CPP)","Recyclable (resin code 5, if collected separately)",Cannot be heat-sealed on its own; always used with a sealant layer,REFERENCE VALUE (published literature),"Robertson, S. Food Packaging: Principles and Practice, 3rd ed., CRC Press, 2012"
REF-06,BOPET / PET film (Biaxially Oriented Polyester),Polyester,"Snack laminates, retort outer layer, bottles",12,50,150,cc/m2/day,"23C, 0% RH (ASTM D3985)",15,40,g/m2/24h,"38C, 90% RH (ASTM F1249)",~3-5x OTR (established O2:CO2 permeation ratio for polyolefins/polyesters),150,225,Very high tensile strength and puncture resistance,Not directly heat-sealable,Poor alone (needs lamination/coating for sealing),"Recyclable (resin code 1, PET bottle stream well established)",Good O2/moderate moisture barrier but must be laminated to seal; used mainly as an outer structural/print layer,REFERENCE VALUE (published literature),"Robertson, S. Food Packaging: Principles and Practice, 3rd ed., CRC Press, 2012"
REF-07,Plasticized PVC cling film,Vinyl,"Fresh produce overwrap, meat trays (legacy use)",15,150,350,cc/m2/day,"23C, 0% RH (ASTM D3985)",10,40,g/m2/24h,"38C, 90% RH (ASTM F1249)",~3-5x OTR (typical polymer O2:CO2 ratio),15,30,"Flexible, clingy (good for overwrap)",120-150,Moderate,"Poor - resin code 3, rarely accepted in curbside recycling",Plasticizer migration concerns for fatty foods; increasingly restricted for direct food contact - check current FSSAI/BIS status before recommending,REFERENCE VALUE (published literature),"Selke, S. Plastics Packaging, 2nd ed., Hanser, 2004"
REF-08,PVDC-coated film (Saran-coated PP/PET),Coated barrier film,High-barrier snack and cheese packs,20,5,20,cc/m2/day,"23C, 0% RH (ASTM D3985)",1,5,g/m2/24h,"38C, 90% RH (ASTM F1249)",~3-5x OTR (typical polymer O2:CO2 ratio),100,180,Inherits tensile strength of base substrate (PP/PET),Depends on substrate (heat-sealable if substrate is),Good,"Poor - chlorinated coating complicates recycling, being phased out in several markets",Excellent O2/moisture barrier but recycling and environmental concerns around chlorinated polymer,REFERENCE VALUE (published literature),"Robertson, S. Food Packaging: Principles and Practice, 3rd ed., CRC Press, 2012"
REF-09,EVOH (Ethylene Vinyl Alcohol) barrier layer,High-barrier resin (used as a laminate layer),"Barrier layer in coextruded pouches, retort, MAP trays",15,0.5,3,cc/m2/day,"23C, 0% RH - DRY (ASTM D3985)",100,200,g/m2/24h,"38C, 90% RH (ASTM F1249) - EVOH itself is a POOR moisture barrier",~3-5x OTR when dry; note - see key limitation on humidity sensitivity,40,60,"Moderate; always used as a thin functional layer, not a standalone film",Not directly heat-sealable (barrier layer only),N/A - internal layer only,Multilayer with EVOH is difficult to recycle (mixed resin),"CRITICAL: EVOH's excellent dry-O2 barrier degrades sharply at high humidity (OTR can rise 10-50x above ~70% RH) - MUST be sandwiched between PE/PP moisture-barrier layers, never used exposed",REFERENCE VALUE (published literature),"Robertson, S. Food Packaging: Principles and Practice, 3rd ed., CRC Press, 2012; Lopez-Rubio et al., 2003"
REF-10,BOPA / Nylon (Biaxially Oriented Polyamide) film,Polyamide,"Vacuum pouches, retort, meat/cheese packs",15,30,60,cc/m2/day,"23C, 0% RH (ASTM D3985)",100,150,g/m2/24h,"38C, 90% RH (ASTM F1249)",~3-5x OTR (typical polymer O2:CO2 ratio),200,250,Excellent puncture and abrasion resistance; used specifically for sharp/bony products,Not directly heat-sealable,Poor alone (laminated with PE sealant layer),"Poor - multilayer, difficult to recycle",Good O2 barrier but POOR moisture barrier - not suitable alone for moisture-sensitive foods; chosen mainly for mechanical/puncture protection,REFERENCE VALUE (published literature),"Robertson, S. Food Packaging: Principles and Practice, 3rd ed., CRC Press, 2012"
REF-11,Metalized BOPP film,Metalized polyolefin,"Snack food (chips, namkeen) pouches",20,10,50,cc/m2/day,"23C, 0% RH (ASTM D3985)",1,2,g/m2/24h,"38C, 90% RH (ASTM F1249)",~3-5x OTR (typical polymer O2:CO2 ratio),130,180,Similar to base BOPP substrate,Not directly heat-sealable (needs sealant layer),Poor alone (laminated structure),"Poor - metal+plastic combination, difficult to recycle",Barrier degrades with flexing/creasing as the thin aluminum layer microcracks over time and handling,REFERENCE VALUE (published literature),"Robertson, S. Food Packaging: Principles and Practice, 3rd ed., CRC Press, 2012"
REF-12,Metalized PET film,Metalized polyester,"Coffee, snack, dry goods pouches",12,1,5,cc/m2/day,"23C, 0% RH (ASTM D3985)",1,2,g/m2/24h,"38C, 90% RH (ASTM F1249)",~3-5x OTR (typical polymer O2:CO2 ratio),150,225,Similar to base PET substrate,Not directly heat-sealable (needs sealant layer),Poor alone (laminated structure),"Poor - metal+plastic combination, difficult to recycle","Near-foil-level barrier at lower cost/weight than foil, but same flex-crack degradation risk as metalized BOPP",REFERENCE VALUE (published literature),"Robertson, S. Food Packaging: Principles and Practice, 3rd ed., CRC Press, 2012"
REF-13,Aluminum foil laminate (foil + PE sealant),Metal laminate,"Retort pouches, long-life dry/liquid sachets",9 (foil) / 40-60 (total laminate),0,0,cc/m2/day,Essentially impermeable if pinhole-free (no standard test needed),0.1,0.3,g/m2/24h,"38C, 90% RH (ASTM F1249)",Essentially 0 if pinhole-free,60,90,Foil itself is brittle and prone to pinholing on sharp creases; the PE laminate layer provides seal integrity and flex durability,150-190 (via PE/CPP sealant layer),Excellent (via sealant layer),"Poor - multi-material laminate, not readily recyclable","Best available flexible barrier, but pinholes from creasing/folding can compromise the near-zero permeability claim - handle flat, avoid sharp folds",REFERENCE VALUE (published literature),"Robertson, S. Food Packaging: Principles and Practice, 3rd ed., CRC Press, 2012"
REF-14,PLA (Polylactic Acid) film,Biodegradable/compostable bioplastic,"Compostable produce bags, cold-drink cups",20,300,500,cc/m2/day,"23C, 0% RH (ASTM D3985)",20,40,g/m2/24h,"38C, 90% RH (ASTM F1249)",~3-5x OTR (typical polymer O2:CO2 ratio),50,60,More brittle than conventional PE/PP,120-140,Good,Compostable (industrial composting facility required) - NOT standard plastics recycling stream,"Moderate barrier only - notably weaker O2 barrier than PET; requires industrial composting infrastructure, not backyard/home compostable in most cases",REFERENCE VALUE (published literature),"Auras, R. et al., Poly(Lactic Acid): Synthesis, Structures, Properties, Processing, and Applications, Wiley, 2010"
REF-15,PBAT/PLA compostable blend film,Biodegradable/compostable bioplastic blend,Compostable grocery/produce bags,25,400,700,cc/m2/day,"23C, 0% RH (ASTM D3985)",30,60,g/m2/24h,"38C, 90% RH (ASTM F1249)",~3-5x OTR (typical polymer O2:CO2 ratio),20,35,"More flexible/tougher than pure PLA, less brittle",100-130,Good,Compostable (industrial composting facility required),"Weaker barrier than conventional plastics and higher cost currently; suited to short-shelf-life produce, not long-term barrier applications",REFERENCE VALUE (published literature),"European Bioplastics technical data sheets; Auras et al., 2010"
REF-16,"Cellulose film (cellophane), uncoated",Regenerated cellulose,"Twist wrap, window packaging (legacy)",30,low when dry (rises sharply with humidity - see limitation),,cc/m2/day,"Highly RH-dependent, not a single stable value",300,,"g/m2/24h (indicative only, uncoated)","38C, 90% RH (ASTM F1249) - HIGH, poor moisture barrier",Not separately established - moisture barrier failure dominates performance,15,25,"Brittle when dry, weakens when moist",Not heat-sealable (uncoated),Poor (uncoated) - needs coating (e.g. PVDC/nitrocellulose) to seal and to hold barrier,"Good - biodegradable/compostable, from renewable wood pulp","Uncoated cellophane is highly moisture-sensitive; both its barrier performance and mechanical integrity collapse in humid conditions - your own dataset's coated-grade WVTR (15-30 g/m2/24h, IS 5012:1987) applies only to the COATED version",REFERENCE VALUE (published literature),"Robertson, S. Food Packaging: Principles and Practice, 3rd ed., CRC Press, 2012"
REF-17,"Kraft paper, uncoated",Paper,"Sacks, wraps, secondary packaging",varies by GSM,No meaningful barrier - porous,,cc/m2/day,Paper has no effective O2 barrier (not a standard OTR test material),No meaningful single value - very high,,g/m2/24h,Porous structure; not a moisture barrier,No meaningful barrier,20,40,Tensile strength depends heavily on GSM/grade (cross-ref your own Dataset 06/07 for IS 1397 grades),Not heat-sealable (needs coating/lamination or adhesive),"Poor alone (no barrier, no heat-seal)",Excellent - widely recycled/compostable,"No O2 or moisture barrier whatsoever; usable only for foods with no barrier requirement, or as an outer/secondary layer over a barrier liner",REFERENCE VALUE (published literature) - cross-reference DATABASE VALUE rows already in Dataset 06/07 for this material's IS-standard mechanical/moisture specs,"Robertson, S. Food Packaging: Principles and Practice, 3rd ed., CRC Press, 2012"
REF-18,Tinplate / Tin-free steel can (rigid),Metal (rigid),"Canned/retorted foods, long ambient shelf life",Standard can-wall gauge (not film-thickness scaled),0,0,cc/m2/day,"Impermeable (rigid metal, no diffusion pathway)",0,0,g/m2/24h,"Impermeable (rigid metal, no diffusion pathway)",0 (impermeable),,,High rigidity and crush resistance; internal lacquer required for acidic foods (see your own Dataset 13 hard-safety rule on pH<4.5),"Sealed via double-seam, not heat-seal","Excellent (mechanical seam, not applicable to Fickian thickness scaling)",Excellent - steel is a high-value recycling stream,"Zero permeability makes this the reference 'ceiling' case for shelf life; thickness/gauge is a structural (drop/crush) spec, not a barrier-scaling calculation - do not run the Fick's-law thickness solver on this material",REFERENCE VALUE (published literature) - cross-reference your own Dataset 09/10 canned-fish example,"Robertson, S. Food Packaging: Principles and Practice, 3rd ed., CRC Press, 2012"
REF-19,Glass (rigid container),Glass,"Bottles, jars - dairy, beverages, preserves",Standard container wall (not film-thickness scaled),0,0,cc/m2/day,"Impermeable (rigid, amorphous silicate)",0,0,g/m2/24h,"Impermeable (rigid, amorphous silicate)",0 (impermeable),,,High compressive strength but low impact/drop resistance (brittle); heavier than plastic alternatives - a transport/logistics consideration,"N/A - sealed via cap/closure, not heat-seal","Excellent (via closure, not applicable to Fickian thickness scaling)","Excellent - glass is a high-value, infinitely recyclable stream","Zero permeability and chemically inert (best acid/fat compatibility of any material here), but fragile in transit and does not apply to the film-thickness solver",REFERENCE VALUE (published literature) - cross-reference your own Dataset 09/10 buttermilk-bottle example,"Robertson, S. Food Packaging: Principles and Practice, 3rd ed., CRC Press, 2012"
REF-20,High-barrier retort pouch laminate (PET/Foil/CPP or PET/EVOH-PP/CPP),Multilayer laminate,"Retort-processed ready-to-eat meals, ambient-stable pouches",Total laminate ~70-120 (varies by construction),0.5,20,cc/m2/day,"23C, 0% RH; low end = foil-containing construction, high end = EVOH-only (no foil) construction",0.5,2,g/m2/24h,"38C, 90% RH (ASTM F1249)",~3-5x OTR for the EVOH-only variant; near-0 for the foil-containing variant,80,150,High - multilayer construction is designed for retort thermal/mechanical stress,150-190 (retort-stable CPP sealant layer),Excellent (purpose-built for retort seal integrity),"Poor - multi-material laminate, not readily recyclable; this is a known sustainability/barrier trade-off worth flagging explicitly to the user rather than hiding it in the score","Cross-reference your own Dataset 10 rows (Soy paneer retort pouch, Tapioca/fish curry RTE meal) which already document real shelf-life outcomes (18-45 days, 3 months) for this exact material class - use those as your DATABASE VALUE shelf-life anchor alongside this REFERENCE VALUE barrier data",REFERENCE VALUE (published literature) - cross-reference DATABASE VALUE shelf-life outcomes in your own Dataset 10,"Robertson, S. Food Packaging: Principles and Practice, 3rd ed., CRC Press, 2012"
