original_food_name,canonical_commodity,scientific_name,commodity_group,respiration_relevance,respiration_class,temperature_C,respiration_rate_min,respiration_rate_max,respiration_rate_unit,specific_measured_value,specific_measured_temperature_C,temperature_sensitivity_note,classification_basis,source_organization,source_type,source_citation,source_url,indian_source,indian_source_url,confidence,data_level,notes
Agathi leaves (Sesbania grandiflora),Agathi leaves,Sesbania grandiflora,Green Leafy Vegetables,High,N/A,5,,,,,,,Not derived - no reliable source identified,,,,,,,Low,N/A,No reliable respiration source identified for this species in this research pass despite targeted search effort
"Amaranth leaves, green (Amaranthus gangeticus); Amaranth leaves, red (Amaranthus gangeticus)",Amaranth leaves,Amaranthus gangeticus,Green Leafy Vegetables,High,N/A,5,,,,,,,Not derived - no reliable source identified,,,,,,,Low,N/A,No reliable respiration source identified for this species in this research pass despite targeted search effort
"Apple, big (Malus domestica); Apple, green (Malus domestica); Apple, small (Malus domestica); Apple, small, Kashmir ( )Malus domestica",Apple,Malus domestica,Fruits,High,Low,0-5,5,10,mg CO2/kg/hr,5,0-5,General rule: respiration roughly doubles-to-quadruples per 10C rise (Q10~2-4); see specific multi-temperature rows (guava/litchi/jackfruit/pomegranate/mango/broccoli/turnip) for directly measured temperature-sensitivity examples,"Established literature classification (5C basis), not independently derived",Kader classification table (peer-reviewed/extension compilation),Classification table,"Kader, A.A. (ed.) respiration-rate classification table, republished in UF/IFAS HOS5085C Postharvest Physiology lecture notes, sourced from USDA Agricultural Handbook 66",https://irrec.ifas.ufl.edu/postharvest/HOS_5085C/2022_lectures/08%20Respiration%20-%20Internal%20&%20Environmental%20Factors/08-Respiration-Internal%20&%20Environmental%20Factors.pdf,,,High,Commodity (direct classification match),Cross-checked against UVM Extension figure (derived from USDA Handbook 66) at its own stated temperature.
"Apricot, dried (Prunus armeniaca); Apricot, processed (Prunus armeniaca)",Apricot,Prunus armeniaca,Fruits,High,Moderate,5,10,20,mg CO2/kg/hr,,5,General rule: respiration roughly doubles-to-quadruples per 10C rise (Q10~2-4); see specific multi-temperature rows (guava/litchi/jackfruit/pomegranate/mango/broccoli/turnip) for directly measured temperature-sensitivity examples,"Established literature classification (5C basis), not independently derived",Kader classification table (peer-reviewed/extension compilation),Classification table,"Kader, A.A. (ed.) respiration-rate classification table, republished in UF/IFAS HOS5085C Postharvest Physiology lecture notes, sourced from USDA Agricultural Handbook 66",https://irrec.ifas.ufl.edu/postharvest/HOS_5085C/2022_lectures/08%20Respiration%20-%20Internal%20&%20Environmental%20Factors/08-Respiration-Internal%20&%20Environmental%20Factors.pdf,,,High,Commodity (direct classification match),
Ash gourd (Benincasa hispida),Ash gourd,Benincasa hispida,Other Vegetables,High,N/A,5,,,,,,,Not derived - no reliable source identified,,,,,,,Low,N/A,No reliable respiration source identified for this species in this research pass despite targeted search effort
Avocado fruit ( )Persea sp.,Avocado fruit,,Fruits,High,High,5,20,40,mg CO2/kg/hr,,5,General rule: respiration roughly doubles-to-quadruples per 10C rise (Q10~2-4); see specific multi-temperature rows (guava/litchi/jackfruit/pomegranate/mango/broccoli/turnip) for directly measured temperature-sensitivity examples,"Established literature classification (5C basis), not independently derived",Kader classification table (peer-reviewed/extension compilation),Classification table,"Kader, A.A. (ed.) respiration-rate classification table, republished in UF/IFAS HOS5085C Postharvest Physiology lecture notes, sourced from USDA Agricultural Handbook 66",https://irrec.ifas.ufl.edu/postharvest/HOS_5085C/2022_lectures/08%20Respiration%20-%20Internal%20&%20Environmental%20Factors/08-Respiration-Internal%20&%20Environmental%20Factors.pdf,,,High,Commodity (direct classification match),
Bael fruit (Aegle marmelos),Bael fruit,Aegle marmelos,Fruits,High,N/A,5,,,,,,,Not derived - no reliable source identified,,,,,,,Low,N/A,No reliable respiration source identified for this species in this research pass despite targeted search effort
"Banana, ripe, montham (Musa x paradisiaca); Banana, ripe, poovam (Musa x paradisiaca); Banana, ripe, red (Musa x paradisiaca); Banana, ripe, robusta (Musa x paradisiaca)",Banana,Musa x paradisiaca,Fruits,High,Moderate,5,10,20,mg CO2/kg/hr,,5,General rule: respiration roughly doubles-to-quadruples per 10C rise (Q10~2-4); see specific multi-temperature rows (guava/litchi/jackfruit/pomegranate/mango/broccoli/turnip) for directly measured temperature-sensitivity examples,"Established literature classification (5C basis), not independently derived",Kader classification table (peer-reviewed/extension compilation),Classification table,"Kader, A.A. (ed.) respiration-rate classification table, republished in UF/IFAS HOS5085C Postharvest Physiology lecture notes, sourced from USDA Agricultural Handbook 66",https://irrec.ifas.ufl.edu/postharvest/HOS_5085C/2022_lectures/08%20Respiration%20-%20Internal%20&%20Environmental%20Factors/08-Respiration-Internal%20&%20Environmental%20Factors.pdf,,,High,Commodity (direct classification match),
Basella leaves (Basella alba),Basella leaves,Basella alba,Green Leafy Vegetables,High,N/A,5,,,,,,,Not derived - no reliable source identified,,,,,,,Low,N/A,No reliable respiration source identified for this species in this research pass despite targeted search effort
Bathua leaves (Chenopodium album),Bathua leaves,Chenopodium album,Green Leafy Vegetables,High,N/A,5,,,,,,,Not derived - no reliable source identified,,,,,,,Low,N/A,No reliable respiration source identified for this species in this research pass despite targeted search effort
"Bean scarlet, tender (Phaseolus coccineus)",Bean scarlet,Phaseolus coccineus,Other Vegetables,High,Very High (proxy - see caution),5,40,60,mg CO2/kg/hr,,5,,"PROXIED from Kader's 'snap bean' classification (Very High, 40-60 mg/kg/hr at 5C) because this commodity is a related fresh legume pod vegetable - NOT independently confirmed for this exact species",Kader classification table (peer-reviewed/extension compilation),Classification table,"Kader, A.A. (ed.) respiration-rate classification table, republished in UF/IFAS HOS5085C Postharvest Physiology lecture notes, sourced from USDA Agricultural Handbook 66",https://irrec.ifas.ufl.edu/postharvest/HOS_5085C/2022_lectures/08%20Respiration%20-%20Internal%20&%20Environmental%20Factors/08-Respiration-Internal%20&%20Environmental%20Factors.pdf,,,Medium,"Commodity group (related-species proxy, explicitly flagged)","CAUTION: this is a related-species proxy, not a species-confirmed measurement for this exact commodity. Use with lower confidence than the direct Kader matches above."
Beet greens (Beta vulgaris),Beet greens,Beta vulgaris,Green Leafy Vegetables,High,N/A,5,,,,,,,Not derived - no reliable source identified,,,,,,,Low,N/A,No reliable respiration source identified for this species in this research pass despite targeted search effort
Beet root (Beta vulgaris),Beet root,Beta vulgaris,Roots and Tubers,High,Low,5,5,10,mg CO2/kg/hr,,5,General rule: respiration roughly doubles-to-quadruples per 10C rise (Q10~2-4); see specific multi-temperature rows (guava/litchi/jackfruit/pomegranate/mango/broccoli/turnip) for directly measured temperature-sensitivity examples,"Established literature classification (5C basis), not independently derived",Kader classification table (peer-reviewed/extension compilation),Classification table,"Kader, A.A. (ed.) respiration-rate classification table, republished in UF/IFAS HOS5085C Postharvest Physiology lecture notes, sourced from USDA Agricultural Handbook 66",https://irrec.ifas.ufl.edu/postharvest/HOS_5085C/2022_lectures/08%20Respiration%20-%20Internal%20&%20Environmental%20Factors/08-Respiration-Internal%20&%20Environmental%20Factors.pdf,,,High,Commodity (direct classification match),
"Betel leaves, big (Kolkata) (Piper betle); Betel leaves, small (Piper betle)",Betel leaves,Piper betle,Green Leafy Vegetables,High,N/A,5,,,,,,,Not derived - no reliable source identified,,,,,,,Low,N/A,No reliable respiration source identified for this species in this research pass despite targeted search effort
Black berry ( )Rubus sp.,Black berry,,Fruits,High,High,5,20,40,mg CO2/kg/hr,,5,General rule: respiration roughly doubles-to-quadruples per 10C rise (Q10~2-4); see specific multi-temperature rows (guava/litchi/jackfruit/pomegranate/mango/broccoli/turnip) for directly measured temperature-sensitivity examples,"Established literature classification (5C basis), not independently derived",Kader classification table (peer-reviewed/extension compilation),Classification table,"Kader, A.A. (ed.) respiration-rate classification table, republished in UF/IFAS HOS5085C Postharvest Physiology lecture notes, sourced from USDA Agricultural Handbook 66",https://irrec.ifas.ufl.edu/postharvest/HOS_5085C/2022_lectures/08%20Respiration%20-%20Internal%20&%20Environmental%20Factors/08-Respiration-Internal%20&%20Environmental%20Factors.pdf,,,High,Commodity (direct classification match),
Brinjal - all varieties (Solanum melongena); Brinjal-1 (Solanum melongena); Brinjal-10 (Solanum melongena); Brinjal-11 (Solanum melongena); Brinjal-12 (Solanum melongena); Brinjal-13  (Solanum melongena); Brinjal-14  (Solanum melongena); Brinjal-15 (Solanum melongena); Brinjal-18 (Solanum melongena); Brinjal-2 (Solanum melongena); Brinjal-3 (Solanum melongena); Brinjal-4 (Solanum melongena); Brinjal-5 (Solanum melongena); Brinjal-6 (Solanum melongena); Brinjal-7 (Solanum melongena); Brinjal-8  (Solanum melongena); Brinjal-9  (Solanum melongena),Brinjal,Solanum melongena,Other Vegetables,High,N/A,5,,,,,,,Not derived - no reliable source identified,ICAR,Peer-reviewed Indian journal article (no explicit respiration-rate figure),,,ICAR (epubs.icar.org.in) - Indian Journal of Agricultural Sciences article on brinjal postharvest quality/packaging,https://epubs.icar.org.in/index.php/IJAgS/article/download/71872/30488/181461,Low,N/A,"An ICAR (Indian Journal of Agricultural Sciences) study on brinjal postharvest packaging was found and actively reviewed, but it reports physiological loss in weight, firmness, colour and biochemical changes - not an explicit CO2 respiration-rate figure - so no numeric value is recorded here rather than estimating one from adjacent data. Brinjal appears 15 times in the source food dataset (Brinjal-1 through Brinjal-18, likely ICMR cultivar codes) - all collapsed into this single canonical row."
Broad beans (Vicia faba),Broad beans,Vicia faba,Other Vegetables,High,Very High (proxy - see caution),5,40,60,mg CO2/kg/hr,,5,,"PROXIED from Kader's 'snap bean' classification (Very High, 40-60 mg/kg/hr at 5C) because this commodity is a related fresh legume pod vegetable - NOT independently confirmed for this exact species",Kader classification table (peer-reviewed/extension compilation),Classification table,"Kader, A.A. (ed.) respiration-rate classification table, republished in UF/IFAS HOS5085C Postharvest Physiology lecture notes, sourced from USDA Agricultural Handbook 66",https://irrec.ifas.ufl.edu/postharvest/HOS_5085C/2022_lectures/08%20Respiration%20-%20Internal%20&%20Environmental%20Factors/08-Respiration-Internal%20&%20Environmental%20Factors.pdf,,,Medium,"Commodity group (related-species proxy, explicitly flagged)","CAUTION: this is a related-species proxy, not a species-confirmed measurement for this exact commodity. Use with lower confidence than the direct Kader matches above."
"Button mushroom, fresh (Agaricus sp.)",Button mushroom,Agaricus sp.,Mushrooms,High,Extremely High,5,60,,mg CO2/kg/hr,,5,,Direct match to Kader's generic 'mushroom' classification (Agaricus is the standard cultivated button mushroom),Kader classification table (peer-reviewed/extension compilation),Classification table,"Kader, A.A. (ed.) respiration-rate classification table, republished in UF/IFAS HOS5085C Postharvest Physiology lecture notes, sourced from USDA Agricultural Handbook 66",https://irrec.ifas.ufl.edu/postharvest/HOS_5085C/2022_lectures/08%20Respiration%20-%20Internal%20&%20Environmental%20Factors/08-Respiration-Internal%20&%20Environmental%20Factors.pdf,,,High,Commodity (direct classification match),Direct match - button mushroom (Agaricus) is the species Kader's general 'mushroom' entry is based on
"Cabbage, Chinese (Brassica rupa)",Cabbage,Brassica rupa,Green Leafy Vegetables,High,Moderate,0-5,10,20,mg CO2/kg/hr,8,0-5,General rule: respiration roughly doubles-to-quadruples per 10C rise (Q10~2-4); see specific multi-temperature rows (guava/litchi/jackfruit/pomegranate/mango/broccoli/turnip) for directly measured temperature-sensitivity examples,"Established literature classification (5C basis), not independently derived",Kader classification table (peer-reviewed/extension compilation),Classification table,"Kader, A.A. (ed.) respiration-rate classification table, republished in UF/IFAS HOS5085C Postharvest Physiology lecture notes, sourced from USDA Agricultural Handbook 66",https://irrec.ifas.ufl.edu/postharvest/HOS_5085C/2022_lectures/08%20Respiration%20-%20Internal%20&%20Environmental%20Factors/08-Respiration-Internal%20&%20Environmental%20Factors.pdf,,,High,Commodity (direct classification match),Cross-checked against UVM Extension figure (derived from USDA Handbook 66) at its own stated temperature.
"Capsicum, green (Capsicum annuum); Capsicum, red (Capsicum annuum); Capsicum, yellow (Capsicum annuum)",Capsicum,Capsicum annuum,Other Vegetables,High,Moderate,10-15.5 (50-60F),10,20,mg CO2/kg/hr,19,10-15.5 (50-60F),General rule: respiration roughly doubles-to-quadruples per 10C rise (Q10~2-4); see specific multi-temperature rows (guava/litchi/jackfruit/pomegranate/mango/broccoli/turnip) for directly measured temperature-sensitivity examples,"Established literature classification (5C basis), not independently derived",Kader classification table (peer-reviewed/extension compilation),Classification table,"Kader, A.A. (ed.) respiration-rate classification table, republished in UF/IFAS HOS5085C Postharvest Physiology lecture notes, sourced from USDA Agricultural Handbook 66",https://irrec.ifas.ufl.edu/postharvest/HOS_5085C/2022_lectures/08%20Respiration%20-%20Internal%20&%20Environmental%20Factors/08-Respiration-Internal%20&%20Environmental%20Factors.pdf,,,High,Commodity (direct classification match),Cross-checked against UVM Extension figure (derived from USDA Handbook 66) at its own stated temperature.
"Carrot, orange (Daucus carota); Carrot, red (Daucus carota)",Carrot,Daucus carota,Roots and Tubers,High,Moderate,5,10,20,mg CO2/kg/hr,,5,General rule: respiration roughly doubles-to-quadruples per 10C rise (Q10~2-4); see specific multi-temperature rows (guava/litchi/jackfruit/pomegranate/mango/broccoli/turnip) for directly measured temperature-sensitivity examples,"Established literature classification (5C basis), not independently derived",Kader classification table (peer-reviewed/extension compilation),Classification table,"Kader, A.A. (ed.) respiration-rate classification table, republished in UF/IFAS HOS5085C Postharvest Physiology lecture notes, sourced from USDA Agricultural Handbook 66",https://irrec.ifas.ufl.edu/postharvest/HOS_5085C/2022_lectures/08%20Respiration%20-%20Internal%20&%20Environmental%20Factors/08-Respiration-Internal%20&%20Environmental%20Factors.pdf,,,High,Commodity (direct classification match),
Cauliflower (Brassica oleracea var. botrytis),Cauliflower,,Other Vegetables,High,High,5,20,40,mg CO2/kg/hr,,5,General rule: respiration roughly doubles-to-quadruples per 10C rise (Q10~2-4); see specific multi-temperature rows (guava/litchi/jackfruit/pomegranate/mango/broccoli/turnip) for directly measured temperature-sensitivity examples,"Established literature classification (5C basis), not independently derived",Kader classification table (peer-reviewed/extension compilation),Classification table,"Kader, A.A. (ed.) respiration-rate classification table, republished in UF/IFAS HOS5085C Postharvest Physiology lecture notes, sourced from USDA Agricultural Handbook 66",https://irrec.ifas.ufl.edu/postharvest/HOS_5085C/2022_lectures/08%20Respiration%20-%20Internal%20&%20Environmental%20Factors/08-Respiration-Internal%20&%20Environmental%20Factors.pdf,,,High,Commodity (direct classification match),
Celery stalk (Apium graveolens),Celery stalk,Apium graveolens,Other Vegetables,High,Low,5,5,10,mg CO2/kg/hr,,5,General rule: respiration roughly doubles-to-quadruples per 10C rise (Q10~2-4); see specific multi-temperature rows (guava/litchi/jackfruit/pomegranate/mango/broccoli/turnip) for directly measured temperature-sensitivity examples,"Established literature classification (5C basis), not independently derived",Kader classification table (peer-reviewed/extension compilation),Classification table,"Kader, A.A. (ed.) respiration-rate classification table, republished in UF/IFAS HOS5085C Postharvest Physiology lecture notes, sourced from USDA Agricultural Handbook 66",https://irrec.ifas.ufl.edu/postharvest/HOS_5085C/2022_lectures/08%20Respiration%20-%20Internal%20&%20Environmental%20Factors/08-Respiration-Internal%20&%20Environmental%20Factors.pdf,,,High,Commodity (direct classification match),
"Cherries, red (Prunus cerasus)",Cherries,Prunus cerasus,Fruits,High,Moderate,5,10,20,mg CO2/kg/hr,,5,General rule: respiration roughly doubles-to-quadruples per 10C rise (Q10~2-4); see specific multi-temperature rows (guava/litchi/jackfruit/pomegranate/mango/broccoli/turnip) for directly measured temperature-sensitivity examples,"Established literature classification (5C basis), not independently derived",Kader classification table (peer-reviewed/extension compilation),Classification table,"Kader, A.A. (ed.) respiration-rate classification table, republished in UF/IFAS HOS5085C Postharvest Physiology lecture notes, sourced from USDA Agricultural Handbook 66",https://irrec.ifas.ufl.edu/postharvest/HOS_5085C/2022_lectures/08%20Respiration%20-%20Internal%20&%20Environmental%20Factors/08-Respiration-Internal%20&%20Environmental%20Factors.pdf,,,High,Commodity (direct classification match),
"Chicken mushroom, fresh (Lactiporus sp.)",Chicken mushroom,Lactiporus sp.,Mushrooms,High,Extremely High (proxy - see caution),5,60,,mg CO2/kg/hr,,5,,"PROXIED from Kader's generic 'mushroom' classification (Extremely High, >60 mg/kg/hr at 5C, based on the common cultivated Agaricus species) - fungal respiration is generally very high across cultivated species but this exact species was not independently confirmed",Kader classification table (peer-reviewed/extension compilation),Classification table,"Kader, A.A. (ed.) respiration-rate classification table, republished in UF/IFAS HOS5085C Postharvest Physiology lecture notes, sourced from USDA Agricultural Handbook 66",https://irrec.ifas.ufl.edu/postharvest/HOS_5085C/2022_lectures/08%20Respiration%20-%20Internal%20&%20Environmental%20Factors/08-Respiration-Internal%20&%20Environmental%20Factors.pdf,,,Medium,"Commodity group (related-species proxy, explicitly flagged)","CAUTION: related-species proxy from generic Agaricus mushroom data, not confirmed for this specific fungal species."
Cho-cho-marrow (Sechium edule),Cho-cho-marrow,Sechium edule,Other Vegetables,High,N/A,5,,,,,,,Not derived - no reliable source identified,,,,,,,Low,N/A,No reliable respiration source identified for this species in this research pass despite targeted search effort
Cluster beans (Cyamopsis tetragonoloba),Cluster beans,Cyamopsis tetragonoloba,Other Vegetables,High,Very High (proxy - see caution),5,40,60,mg CO2/kg/hr,,5,,"PROXIED from Kader's 'snap bean' classification (Very High, 40-60 mg/kg/hr at 5C) because this commodity is a related fresh legume pod vegetable - NOT independently confirmed for this exact species",Kader classification table (peer-reviewed/extension compilation),Classification table,"Kader, A.A. (ed.) respiration-rate classification table, republished in UF/IFAS HOS5085C Postharvest Physiology lecture notes, sourced from USDA Agricultural Handbook 66",https://irrec.ifas.ufl.edu/postharvest/HOS_5085C/2022_lectures/08%20Respiration%20-%20Internal%20&%20Environmental%20Factors/08-Respiration-Internal%20&%20Environmental%20Factors.pdf,,,Medium,"Commodity group (related-species proxy, explicitly flagged)","CAUTION: this is a related-species proxy, not a species-confirmed measurement for this exact commodity. Use with lower confidence than the direct Kader matches above."
"Colocasia (Colocasia esculenta); Colocasia, stem, black ( )Colocasia esculenta; Colocasia, stem, green ( )Colocasia esculenta",Colocasia,Colocasia esculenta,Other Vegetables,High,N/A,5,,,,,,,Not derived - no reliable source identified,,,,,,,Low,N/A,No reliable respiration source identified for this species in this research pass despite targeted search effort
"Colocasia leaves, green (Colocasia esculenta)",Colocasia leaves,Colocasia esculenta,Green Leafy Vegetables,High,N/A,5,,,,,,,Not derived - no reliable source identified,,,,,,,Low,N/A,No reliable respiration source identified for this species in this research pass despite targeted search effort
"Corn, baby  (Zea mays)",Corn,Zea mays,Other Vegetables,High,Extremely High,5,60,,mg CO2/kg/hr,,5,General rule: respiration roughly doubles-to-quadruples per 10C rise (Q10~2-4); see specific multi-temperature rows (guava/litchi/jackfruit/pomegranate/mango/broccoli/turnip) for directly measured temperature-sensitivity examples,"Established literature classification (5C basis), not independently derived",Kader classification table (peer-reviewed/extension compilation),Classification table,"Kader, A.A. (ed.) respiration-rate classification table, republished in UF/IFAS HOS5085C Postharvest Physiology lecture notes, sourced from USDA Agricultural Handbook 66",https://irrec.ifas.ufl.edu/postharvest/HOS_5085C/2022_lectures/08%20Respiration%20-%20Internal%20&%20Environmental%20Factors/08-Respiration-Internal%20&%20Environmental%20Factors.pdf,,,High,Commodity (direct classification match),
"Cucumber, green, elongate  (Cucumis sativus); Cucumber, green, short (Cucumis sativus); Cucumber, orange, round (Cucumis sativus)",Cucumber,Cucumis sativus,Other Vegetables,High,Moderate,10-15.5 (50-60F),10,20,mg CO2/kg/hr,27,10-15.5 (50-60F),General rule: respiration roughly doubles-to-quadruples per 10C rise (Q10~2-4); see specific multi-temperature rows (guava/litchi/jackfruit/pomegranate/mango/broccoli/turnip) for directly measured temperature-sensitivity examples,"Established literature classification (5C basis), not independently derived",Kader classification table (peer-reviewed/extension compilation),Classification table,"Kader, A.A. (ed.) respiration-rate classification table, republished in UF/IFAS HOS5085C Postharvest Physiology lecture notes, sourced from USDA Agricultural Handbook 66",https://irrec.ifas.ufl.edu/postharvest/HOS_5085C/2022_lectures/08%20Respiration%20-%20Internal%20&%20Environmental%20Factors/08-Respiration-Internal%20&%20Environmental%20Factors.pdf,,,High,Commodity (direct classification match),Cross-checked against UVM Extension figure (derived from USDA Handbook 66) at its own stated temperature.
"Currants, black (Ribes nigrum)",Currants,Ribes nigrum,Fruits,High,N/A,5,,,,,,,Not derived - no reliable source identified,,,,,,,Low,N/A,No reliable respiration source identified for this species in this research pass despite targeted search effort
Custard apple (Annona squamosa),Custard apple,Annona squamosa,Fruits,High,N/A,5,,,,,,,Not derived - no reliable source identified,,,,,,,Low,N/A,No reliable respiration source identified for this species in this research pass despite targeted search effort
"Dates, dry, dark brown (Phoenix dactylifera); Dates, dry, pale brown (Phoenix dactylifera); Dates, processed (Phoenix dactylifera)",Dates,Phoenix dactylifera,Fruits,High,Very Low,5,0,5,mg CO2/kg/hr,,5,General rule: respiration roughly doubles-to-quadruples per 10C rise (Q10~2-4); see specific multi-temperature rows (guava/litchi/jackfruit/pomegranate/mango/broccoli/turnip) for directly measured temperature-sensitivity examples,"Established literature classification (5C basis), not independently derived",Kader classification table (peer-reviewed/extension compilation),Classification table,"Kader, A.A. (ed.) respiration-rate classification table, republished in UF/IFAS HOS5085C Postharvest Physiology lecture notes, sourced from USDA Agricultural Handbook 66",https://irrec.ifas.ufl.edu/postharvest/HOS_5085C/2022_lectures/08%20Respiration%20-%20Internal%20&%20Environmental%20Factors/08-Respiration-Internal%20&%20Environmental%20Factors.pdf,,,High,Commodity (direct classification match),
Drumstick (Moringa oleifera),Drumstick,Moringa oleifera,Other Vegetables,High,N/A,5,,,,,,,Not derived - no reliable source identified,,,,,,,Low,N/A,No reliable respiration source identified for this species in this research pass despite targeted search effort
Drumstick leaves (Moringa oleifera),Drumstick leaves,Moringa oleifera,Green Leafy Vegetables,High,N/A,5,,,,,,,Not derived - no reliable source identified,,,,,,,Low,N/A,No reliable respiration source identified for this species in this research pass despite targeted search effort
Fenugreek leaves (Trigonella foenum graecum),Fenugreek leaves,Trigonella foenum graecum,Green Leafy Vegetables,High,N/A,5,,,,,,,Not derived - no reliable source identified,,,,,,,Low,N/A,No reliable respiration source identified for this species in this research pass despite targeted search effort
"Field beans, tender, broad (Vicia faba); Field beans, tender, lean (Vicia faba)",Field beans,Vicia faba,Other Vegetables,High,Very High (proxy - see caution),5,40,60,mg CO2/kg/hr,,5,,"PROXIED from Kader's 'snap bean' classification (Very High, 40-60 mg/kg/hr at 5C) because this commodity is a related fresh legume pod vegetable - NOT independently confirmed for this exact species",Kader classification table (peer-reviewed/extension compilation),Classification table,"Kader, A.A. (ed.) respiration-rate classification table, republished in UF/IFAS HOS5085C Postharvest Physiology lecture notes, sourced from USDA Agricultural Handbook 66",https://irrec.ifas.ufl.edu/postharvest/HOS_5085C/2022_lectures/08%20Respiration%20-%20Internal%20&%20Environmental%20Factors/08-Respiration-Internal%20&%20Environmental%20Factors.pdf,,,Medium,"Commodity group (related-species proxy, explicitly flagged)","CAUTION: this is a related-species proxy, not a species-confirmed measurement for this exact commodity. Use with lower confidence than the direct Kader matches above."
Fig (Ficus carica),Fig,Ficus carica,Fruits,High,Moderate,5,10,20,mg CO2/kg/hr,,5,General rule: respiration roughly doubles-to-quadruples per 10C rise (Q10~2-4); see specific multi-temperature rows (guava/litchi/jackfruit/pomegranate/mango/broccoli/turnip) for directly measured temperature-sensitivity examples,"Established literature classification (5C basis), not independently derived",Kader classification table (peer-reviewed/extension compilation),Classification table,"Kader, A.A. (ed.) respiration-rate classification table, republished in UF/IFAS HOS5085C Postharvest Physiology lecture notes, sourced from USDA Agricultural Handbook 66",https://irrec.ifas.ufl.edu/postharvest/HOS_5085C/2022_lectures/08%20Respiration%20-%20Internal%20&%20Environmental%20Factors/08-Respiration-Internal%20&%20Environmental%20Factors.pdf,,,High,Commodity (direct classification match),
"French beans, country (Phaseolus vulgaris); French beans, hybrid  (Phaseolus vulgaris)",French beans,Phaseolus vulgaris,Other Vegetables,High,Very High (proxy - see caution),5,40,60,mg CO2/kg/hr,,5,,"PROXIED from Kader's 'snap bean' classification (Very High, 40-60 mg/kg/hr at 5C) because this commodity is a related fresh legume pod vegetable - NOT independently confirmed for this exact species",Kader classification table (peer-reviewed/extension compilation),Classification table,"Kader, A.A. (ed.) respiration-rate classification table, republished in UF/IFAS HOS5085C Postharvest Physiology lecture notes, sourced from USDA Agricultural Handbook 66",https://irrec.ifas.ufl.edu/postharvest/HOS_5085C/2022_lectures/08%20Respiration%20-%20Internal%20&%20Environmental%20Factors/08-Respiration-Internal%20&%20Environmental%20Factors.pdf,,,Medium,"Commodity group (related-species proxy, explicitly flagged)","CAUTION: this is a related-species proxy, not a species-confirmed measurement for this exact commodity. Use with lower confidence than the direct Kader matches above."
Garden cress (Lepidium sativum),Garden cress,Lepidium sativum,Green Leafy Vegetables,High,N/A,5,,,,,,,Not derived - no reliable source identified,,,,,,,Low,N/A,No reliable respiration source identified for this species in this research pass despite targeted search effort
"Gogu leaves, green (Hibiscus cannabinus); Gogu leaves, red (Hibiscus cannabinus)",Gogu leaves,Hibiscus cannabinus,Green Leafy Vegetables,High,N/A,5,,,,,,,Not derived - no reliable source identified,,,,,,,Low,N/A,No reliable respiration source identified for this species in this research pass despite targeted search effort
Gooseberry (Emblica officinalis),Gooseberry,Emblica officinalis,Fruits,High,N/A,5,,,,,,,"Kader's 'gooseberry' classification (Moderate, 10-20 mg/kg/hr) refers to Ribes uva-crispa (European gooseberry) - a different genus entirely from Emblica officinalis (Indian gooseberry/amla), which is what this dataset's 'Gooseberry' entry actually is. NOT applied.",,,,,,,Low,N/A,Taxonomic mismatch identified and deliberately excluded rather than silently misapplied - see classification_basis. No reliable Emblica officinalis-specific respiration source was identified in this pass.
"Grapes, seeded, round, black (Vitis vinifera); Grapes, seeded, round, green (Vitis vinifera); Grapes, seeded, round, red (Vitis vinifera); Grapes, seedless, oval, black (Vitis vinifera); Grapes, seedless, round, black (Vitis vinifera); Grapes, seedless, round, green (Vitis vinifera)",Grapes,Vitis vinifera,Fruits,High,Low,5,5,10,mg CO2/kg/hr,,5,General rule: respiration roughly doubles-to-quadruples per 10C rise (Q10~2-4); see specific multi-temperature rows (guava/litchi/jackfruit/pomegranate/mango/broccoli/turnip) for directly measured temperature-sensitivity examples,"Established literature classification (5C basis), not independently derived",Kader classification table (peer-reviewed/extension compilation),Classification table,"Kader, A.A. (ed.) respiration-rate classification table, republished in UF/IFAS HOS5085C Postharvest Physiology lecture notes, sourced from USDA Agricultural Handbook 66",https://irrec.ifas.ufl.edu/postharvest/HOS_5085C/2022_lectures/08%20Respiration%20-%20Internal%20&%20Environmental%20Factors/08-Respiration-Internal%20&%20Environmental%20Factors.pdf,,,High,Commodity (direct classification match),
"Guava, pink flesh (Psidium guajava); Guava, white flesh (Psidium guajava)",Guava,Psidium guajava,Fruits,High,High (measured; not separately Kader-classed),20,8,60,mg CO2/kg/hr,18-130,20,8-60 mg/kg/hr at 10C rising to 18-130 mg/kg/hr at 20C - guava is climacteric with a sharp respiratory peak,"Derived directly from measured multi-temperature data, not a single-point class",University of Hawaii CTAHR (content originally from USDA Agricultural Handbook 66),Extension postharvest guideline,"Nishina, M.S. et al., 'Guava: Postharvest Quality-Maintenance Guidelines', UH-CTAHR F_N-41, June 2014 (data originally published at USDA ARS Handbook 66 website)",https://www.ctahr.hawaii.edu/oc/freepubs/pdf/F_N-41.pdf,Actively searched - no Indian-source-specific guava respiration figure identified in this pass,,High,Commodity (directly measured),"Guava is a major Indian fruit crop; despite active search, no ICAR/TNAU-specific numeric respiration figure was found in this pass - flagged for future search rather than left silently blank"
"Jack fruit, raw (Artocarpus heterophyllus); Jack fruit, ripe (Artocarpus heterophyllus)",Jack fruit,Artocarpus heterophyllus,Other Vegetables,High,High (measured; not separately Kader-classed),20,20,55,mL CO2/kg/hr,20-25 (preclimacteric) to 50-55 (climacteric peak),20,Respiration roughly doubles from preclimacteric to climacteric peak at the same 20C storage temperature,Derived directly from measured data at a single reference temperature (20C); no multi-temperature series located,UC Davis Postharvest Research and Extension Center,Produce Facts sheet,"UC Davis Postharvest Technology Center, 'Jackfruit: Maturity and Quality / Postharvest Handling and Storage', Produce Facts",https://postharvest.ucdavis.edu/node/5291,"Actively searched - an ICAR/Kerala Agricultural University study (Vellayani) on jackfruit portion packaging was found but reported shelf-life/PLW/marketability, not a directly comparable respiration-rate figure",,High,Commodity (directly measured),"Applies to ripe jackfruit (dessert fruit) - unripe/raw jackfruit used as a vegetable is the same species and life stage differences may shift the exact rate, kept as the same entry since no separate raw-jackfruit figure was found"
"Jambu fruit, ripe ( )Syzygium samarangense",Jambu fruit,,Fruits,High,N/A,5,,,,,,,Not derived - no reliable source identified,,,,,,,Low,N/A,No reliable respiration source identified for this species in this research pass despite targeted search effort
Karonda fruit (Carissa carandas),Karonda fruit,Carissa carandas,Fruits,High,N/A,5,,,,,,,Not derived - no reliable source identified,,,,,,,Low,N/A,No reliable respiration source identified for this species in this research pass despite targeted search effort
Knol - Khol (Brassica oleracea),Knol - Khol,Brassica oleracea,Other Vegetables,High,N/A,5,,,,,,,Not derived - no reliable source identified,,,,,,,Low,N/A,No reliable respiration source identified for this species in this research pass despite targeted search effort
"Kovai, big (Coccinia cordifolia); Kovai, small (Coccinia cordifolia)",Kovai,Coccinia cordifolia,Other Vegetables,High,N/A,5,,,,,,,Not derived - no reliable source identified,,,,,,,Low,N/A,No reliable respiration source identified for this species in this research pass despite targeted search effort
Ladies finger (Abelmoschus esculentus),Ladies finger,Abelmoschus esculentus,Other Vegetables,High,Very High,5,40,60,mg CO2/kg/hr,,5,General rule: respiration roughly doubles-to-quadruples per 10C rise (Q10~2-4); see specific multi-temperature rows (guava/litchi/jackfruit/pomegranate/mango/broccoli/turnip) for directly measured temperature-sensitivity examples,"Established literature classification (5C basis), not independently derived",Kader classification table (peer-reviewed/extension compilation),Classification table,"Kader, A.A. (ed.) respiration-rate classification table, republished in UF/IFAS HOS5085C Postharvest Physiology lecture notes, sourced from USDA Agricultural Handbook 66",https://irrec.ifas.ufl.edu/postharvest/HOS_5085C/2022_lectures/08%20Respiration%20-%20Internal%20&%20Environmental%20Factors/08-Respiration-Internal%20&%20Environmental%20Factors.pdf,,,High,Commodity (direct classification match),
"Lemon, juice (Citrus limon)",Lemon,Citrus limon,Fruits,High,Low,5,5,10,mg CO2/kg/hr,,5,General rule: respiration roughly doubles-to-quadruples per 10C rise (Q10~2-4); see specific multi-temperature rows (guava/litchi/jackfruit/pomegranate/mango/broccoli/turnip) for directly measured temperature-sensitivity examples,"Established literature classification (5C basis), not independently derived",Kader classification table (peer-reviewed/extension compilation),Classification table,"Kader, A.A. (ed.) respiration-rate classification table, republished in UF/IFAS HOS5085C Postharvest Physiology lecture notes, sourced from USDA Agricultural Handbook 66",https://irrec.ifas.ufl.edu/postharvest/HOS_5085C/2022_lectures/08%20Respiration%20-%20Internal%20&%20Environmental%20Factors/08-Respiration-Internal%20&%20Environmental%20Factors.pdf,,,High,Commodity (direct classification match),
Lettuce (Lactuca sativa),Lettuce,Lactuca sativa,Green Leafy Vegetables,High,Moderate,5,10,20,mg CO2/kg/hr,,5,General rule: respiration roughly doubles-to-quadruples per 10C rise (Q10~2-4); see specific multi-temperature rows (guava/litchi/jackfruit/pomegranate/mango/broccoli/turnip) for directly measured temperature-sensitivity examples,"Established literature classification (5C basis), not independently derived",Kader classification table (peer-reviewed/extension compilation),Classification table,"Kader, A.A. (ed.) respiration-rate classification table, republished in UF/IFAS HOS5085C Postharvest Physiology lecture notes, sourced from USDA Agricultural Handbook 66",https://irrec.ifas.ufl.edu/postharvest/HOS_5085C/2022_lectures/08%20Respiration%20-%20Internal%20&%20Environmental%20Factors/08-Respiration-Internal%20&%20Environmental%20Factors.pdf,,,High,Commodity (direct classification match),
"Lime, sweet,pulp (Citrus limetta)",Lime,Citrus limetta,Fruits,High,Low,5,5,10,mg CO2/kg/hr,,5,General rule: respiration roughly doubles-to-quadruples per 10C rise (Q10~2-4); see specific multi-temperature rows (guava/litchi/jackfruit/pomegranate/mango/broccoli/turnip) for directly measured temperature-sensitivity examples,"Established literature classification (5C basis), not independently derived",Kader classification table (peer-reviewed/extension compilation),Classification table,"Kader, A.A. (ed.) respiration-rate classification table, republished in UF/IFAS HOS5085C Postharvest Physiology lecture notes, sourced from USDA Agricultural Handbook 66",https://irrec.ifas.ufl.edu/postharvest/HOS_5085C/2022_lectures/08%20Respiration%20-%20Internal%20&%20Environmental%20Factors/08-Respiration-Internal%20&%20Environmental%20Factors.pdf,,,High,Commodity (direct classification match),
Litchi ( )Litchi chinensis,Litchi,,Fruits,High,High (measured; not separately Kader-classed),"5,10,20,25",10,128,mg CO2/kg/hr,10-16 / 19-29 / 46-74 / 75-128 at 5/10/20/25C respectively,"5,10,20,25","Rate roughly doubles at each ~10C step: 10-16 at 5C, 19-29 at 10C, 46-74 at 20C, 75-128 at 25C",Derived directly from a measured multi-temperature table,University of Hawaii CTAHR (content originally from USDA Agricultural Handbook 66),Extension postharvest guideline,"Paull, R.E., Chen, C.C., Chen, N.J., 'Lychee: Postharvest Quality-Maintenance Guidelines', UH-CTAHR F_N-29, June 2014",https://www.ctahr.hawaii.edu/oc/freepubs/pdf/F_N-29.pdf,Actively searched - no Indian-source-specific litchi respiration figure identified in this pass (India is a major litchi producer via Bihar; recommend a follow-up ICAR/NRC Litchi search),,High,Commodity (directly measured),Non-climacteric fruit - respiration declines during storage rather than peaking
Lotus root (Nelumbium nelumbo),Lotus root,Nelumbium nelumbo,Roots and Tubers,High,N/A,5,,,,,,,Not derived - no reliable source identified,,,,,,,Low,N/A,No reliable respiration source identified for this species in this research pass despite targeted search effort
"Mango, green, raw (Mangifera indica); Mango, ripe, banganapalli (Mangifera indica); Mango, ripe, gulabkhas (Mangifera indica); Mango, ripe, himsagar (Mangifera indica); Mango, ripe, kesar (Mangifera indica); Mango, ripe, neelam (Mangifera indica); Mango, ripe, paheri (Mangifera indica); Mango, ripe, totapari (Mangifera indica)",Mango,Mangifera indica,Other Vegetables,High,Moderate (Kader general class); Alphonso-specific measured data also available,"10,15,20,25",10,20,"mg CO2/kg/hr (Kader general, 5C basis)",63.22 / 72.56 / 81.13 / 86.33 mL CO2/kg/hr at 10/15/20/25C respectively (cv. Alphonso),"10,15,20,25",Alphonso-specific data: respiration rose from 63.22 mL/kg/hr at 10C to 86.33 mL/kg/hr at 25C - roughly 37% increase across that range,Kader general class (5C) plus a directly measured Indian cultivar-specific multi-temperature dataset - use the Alphonso-specific figures in preference to the general class for that cultivar,Kader classification table + Asian Journal of Dairy and Food Research (Indian journal),Classification table + peer-reviewed Indian journal article,"Kader classification table (see citation above) + Chougule et al., 'Effect of storage conditions on respiration rate of mango fruits (cv. Alphonso)', Asian Journal of Dairy and Food Research, Vol.44 Issue 1 (Feb 2025), DOI 10.18805/ajdfr.DR-1843",https://irrec.ifas.ufl.edu/postharvest/HOS_5085C/2022_lectures/08%20Respiration%20-%20Internal%20&%20Environmental%20Factors/08-Respiration-Internal%20&%20Environmental%20Factors.pdf ; doi:10.18805/ajdfr.DR-1843,"YES - Asian Journal of Dairy and Food Research is an Indian peer-reviewed journal; this is a directly Indian-sourced, cultivar-specific (Alphonso) measured dataset",doi:10.18805/ajdfr.DR-1843,High,"Commodity (directly measured, Indian-sourced for this cultivar)",Mango is chilling-sensitive and typically not stored near the Kader 5C reference point in practice; the Alphonso-specific data (measured at 10-25C plus ambient) is the more practically usable figure for Indian mango supply chains
Mangosteen (Garcinia mangostana),Mangosteen,Garcinia mangostana,Fruits,High,N/A,5,,,,,,,Not derived - no reliable source identified,,,,,,,Low,N/A,No reliable respiration source identified for this species in this research pass despite targeted search effort
Manila tamarind (Pithecellobium dulce),Manila tamarind,Pithecellobium dulce,Fruits,High,N/A,5,,,,,,,Not derived - no reliable source identified,,,,,,,Low,N/A,No reliable respiration source identified for this species in this research pass despite targeted search effort
"Musk melon, orange flesh (Cucumis melon); Musk melon, yellow flesh (Cucumis melon)",Musk melon,Cucumis melon,Fruits,High,Moderate,5,10,20,mg CO2/kg/hr,,5,,Kader class for 'cantaloupe' (Cucumis melo) applied directly - muskmelon and cantaloupe are the same species,Kader classification table (peer-reviewed/extension compilation),Classification table,"Kader, A.A. (ed.) respiration-rate classification table, republished in UF/IFAS HOS5085C Postharvest Physiology lecture notes, sourced from USDA Agricultural Handbook 66",https://irrec.ifas.ufl.edu/postharvest/HOS_5085C/2022_lectures/08%20Respiration%20-%20Internal%20&%20Environmental%20Factors/08-Respiration-Internal%20&%20Environmental%20Factors.pdf,,,High,Commodity (direct classification match),Direct species match (Cucumis melo)
Mustard leaves (Brassica juncea),Mustard leaves,Brassica juncea,Green Leafy Vegetables,High,N/A,5,,,,,,,Not derived - no reliable source identified,,,,,,,Low,N/A,No reliable respiration source identified for this species in this research pass despite targeted search effort
"Onion, stalk (Allium cepa)",Onion,Allium cepa,Other Vegetables,High,Low,0,5,10,mg CO2/kg/hr,5,0,General rule: respiration roughly doubles-to-quadruples per 10C rise (Q10~2-4); see specific multi-temperature rows (guava/litchi/jackfruit/pomegranate/mango/broccoli/turnip) for directly measured temperature-sensitivity examples,"Established literature classification (5C basis), not independently derived",Kader classification table (peer-reviewed/extension compilation),Classification table,"Kader, A.A. (ed.) respiration-rate classification table, republished in UF/IFAS HOS5085C Postharvest Physiology lecture notes, sourced from USDA Agricultural Handbook 66",https://irrec.ifas.ufl.edu/postharvest/HOS_5085C/2022_lectures/08%20Respiration%20-%20Internal%20&%20Environmental%20Factors/08-Respiration-Internal%20&%20Environmental%20Factors.pdf,,,High,Commodity (direct classification match),Cross-checked against UVM Extension figure (derived from USDA Handbook 66) at its own stated temperature.
"Orange, pulp (Citrus aurantium)",Orange,Citrus aurantium,Fruits,High,Low,5,5,10,mg CO2/kg/hr,,5,General rule: respiration roughly doubles-to-quadruples per 10C rise (Q10~2-4); see specific multi-temperature rows (guava/litchi/jackfruit/pomegranate/mango/broccoli/turnip) for directly measured temperature-sensitivity examples,"Established literature classification (5C basis), not independently derived",Kader classification table (peer-reviewed/extension compilation),Classification table,"Kader, A.A. (ed.) respiration-rate classification table, republished in UF/IFAS HOS5085C Postharvest Physiology lecture notes, sourced from USDA Agricultural Handbook 66",https://irrec.ifas.ufl.edu/postharvest/HOS_5085C/2022_lectures/08%20Respiration%20-%20Internal%20&%20Environmental%20Factors/08-Respiration-Internal%20&%20Environmental%20Factors.pdf,,,High,Commodity (direct classification match),
"Oyster mushroom, dried (Pleurotus sp.)",Oyster mushroom,Pleurotus sp.,Mushrooms,High,Extremely High (proxy - see caution),5,60,,mg CO2/kg/hr,,5,,"PROXIED from Kader's generic 'mushroom' classification (Extremely High, >60 mg/kg/hr at 5C, based on the common cultivated Agaricus species) - fungal respiration is generally very high across cultivated species but this exact species was not independently confirmed",Kader classification table (peer-reviewed/extension compilation),Classification table,"Kader, A.A. (ed.) respiration-rate classification table, republished in UF/IFAS HOS5085C Postharvest Physiology lecture notes, sourced from USDA Agricultural Handbook 66",https://irrec.ifas.ufl.edu/postharvest/HOS_5085C/2022_lectures/08%20Respiration%20-%20Internal%20&%20Environmental%20Factors/08-Respiration-Internal%20&%20Environmental%20Factors.pdf,,,Medium,"Commodity group (related-species proxy, explicitly flagged)","CAUTION: related-species proxy from generic Agaricus mushroom data, not confirmed for this specific fungal species."
"Palm fruit, tender (Borassus flabellifer)",Palm fruit,Borassus flabellifer,Fruits,High,N/A,5,,,,,,,Not derived - no reliable source identified,,,,,,,Low,N/A,No reliable respiration source identified for this species in this research pass despite targeted search effort
"Papaya, raw (Carica papaya); Papaya, ripe (Carica papaya)",Papaya,Carica papaya,Other Vegetables,High,Low,5,5,10,mg CO2/kg/hr,,5,General rule: respiration roughly doubles-to-quadruples per 10C rise (Q10~2-4); see specific multi-temperature rows (guava/litchi/jackfruit/pomegranate/mango/broccoli/turnip) for directly measured temperature-sensitivity examples,"Established literature classification (5C basis), not independently derived",Kader classification table (peer-reviewed/extension compilation),Classification table,"Kader, A.A. (ed.) respiration-rate classification table, republished in UF/IFAS HOS5085C Postharvest Physiology lecture notes, sourced from USDA Agricultural Handbook 66",https://irrec.ifas.ufl.edu/postharvest/HOS_5085C/2022_lectures/08%20Respiration%20-%20Internal%20&%20Environmental%20Factors/08-Respiration-Internal%20&%20Environmental%20Factors.pdf,,,High,Commodity (direct classification match),
Parsley (Petroselinum crispum),Parsley,Petroselinum crispum,Green Leafy Vegetables,High,Extremely High,5,60,,mg CO2/kg/hr,,5,General rule: respiration roughly doubles-to-quadruples per 10C rise (Q10~2-4); see specific multi-temperature rows (guava/litchi/jackfruit/pomegranate/mango/broccoli/turnip) for directly measured temperature-sensitivity examples,"Established literature classification (5C basis), not independently derived",Kader classification table (peer-reviewed/extension compilation),Classification table,"Kader, A.A. (ed.) respiration-rate classification table, republished in UF/IFAS HOS5085C Postharvest Physiology lecture notes, sourced from USDA Agricultural Handbook 66",https://irrec.ifas.ufl.edu/postharvest/HOS_5085C/2022_lectures/08%20Respiration%20-%20Internal%20&%20Environmental%20Factors/08-Respiration-Internal%20&%20Environmental%20Factors.pdf,,,High,Commodity (direct classification match),
Parwar (Trichosanthes dioica),Parwar,Trichosanthes dioica,Other Vegetables,High,N/A,5,,,,,,,Not derived - no reliable source identified,,,,,,,Low,N/A,No reliable respiration source identified for this species in this research pass despite targeted search effort
Peach ( )Prunus communis,Peach,,Fruits,High,Moderate,5,10,20,mg CO2/kg/hr,,5,General rule: respiration roughly doubles-to-quadruples per 10C rise (Q10~2-4); see specific multi-temperature rows (guava/litchi/jackfruit/pomegranate/mango/broccoli/turnip) for directly measured temperature-sensitivity examples,"Established literature classification (5C basis), not independently derived",Kader classification table (peer-reviewed/extension compilation),Classification table,"Kader, A.A. (ed.) respiration-rate classification table, republished in UF/IFAS HOS5085C Postharvest Physiology lecture notes, sourced from USDA Agricultural Handbook 66",https://irrec.ifas.ufl.edu/postharvest/HOS_5085C/2022_lectures/08%20Respiration%20-%20Internal%20&%20Environmental%20Factors/08-Respiration-Internal%20&%20Environmental%20Factors.pdf,,,High,Commodity (direct classification match),
Pear (Pyrus sp.),Pear,Pyrus sp.,Fruits,High,Moderate,5,10,20,mg CO2/kg/hr,,5,General rule: respiration roughly doubles-to-quadruples per 10C rise (Q10~2-4); see specific multi-temperature rows (guava/litchi/jackfruit/pomegranate/mango/broccoli/turnip) for directly measured temperature-sensitivity examples,"Established literature classification (5C basis), not independently derived",Kader classification table (peer-reviewed/extension compilation),Classification table,"Kader, A.A. (ed.) respiration-rate classification table, republished in UF/IFAS HOS5085C Postharvest Physiology lecture notes, sourced from USDA Agricultural Handbook 66",https://irrec.ifas.ufl.edu/postharvest/HOS_5085C/2022_lectures/08%20Respiration%20-%20Internal%20&%20Environmental%20Factors/08-Respiration-Internal%20&%20Environmental%20Factors.pdf,,,High,Commodity (direct classification match),
"Peas, fresh (Pisum sativum)",Peas,Pisum sativum,Other Vegetables,High,Extremely High,5,60,,mg CO2/kg/hr,,5,General rule: respiration roughly doubles-to-quadruples per 10C rise (Q10~2-4); see specific multi-temperature rows (guava/litchi/jackfruit/pomegranate/mango/broccoli/turnip) for directly measured temperature-sensitivity examples,"Established literature classification (5C basis), not independently derived",Kader classification table (peer-reviewed/extension compilation),Classification table,"Kader, A.A. (ed.) respiration-rate classification table, republished in UF/IFAS HOS5085C Postharvest Physiology lecture notes, sourced from USDA Agricultural Handbook 66",https://irrec.ifas.ufl.edu/postharvest/HOS_5085C/2022_lectures/08%20Respiration%20-%20Internal%20&%20Environmental%20Factors/08-Respiration-Internal%20&%20Environmental%20Factors.pdf,,,High,Commodity (direct classification match),
Phalsa (Grewia asiatica),Phalsa,Grewia asiatica,Fruits,High,N/A,5,,,,,,,Not derived - no reliable source identified,,,,,,,Low,N/A,No reliable respiration source identified for this species in this research pass despite targeted search effort
Pineapple  (Ananas comosus),Pineapple,Ananas comosus,Fruits,High,Low,5,5,10,mg CO2/kg/hr,,5,General rule: respiration roughly doubles-to-quadruples per 10C rise (Q10~2-4); see specific multi-temperature rows (guava/litchi/jackfruit/pomegranate/mango/broccoli/turnip) for directly measured temperature-sensitivity examples,"Established literature classification (5C basis), not independently derived",Kader classification table (peer-reviewed/extension compilation),Classification table,"Kader, A.A. (ed.) respiration-rate classification table, republished in UF/IFAS HOS5085C Postharvest Physiology lecture notes, sourced from USDA Agricultural Handbook 66",https://irrec.ifas.ufl.edu/postharvest/HOS_5085C/2022_lectures/08%20Respiration%20-%20Internal%20&%20Environmental%20Factors/08-Respiration-Internal%20&%20Environmental%20Factors.pdf,,,High,Commodity (direct classification match),
"Plantain, flower (Musa x paradisiaca); Plantain, green (Musa x paradisiaca); Plantain, stem (Musa x paradisiaca)",Plantain,Musa x paradisiaca,Other Vegetables,High,Moderate (proxy - see caution),5,10,20,mg CO2/kg/hr,,5,,"PROXIED from Kader's 'banana' classification - plantain is the same species (Musa x paradisiaca) as ripe banana, but is used and typically measured at the unripe/starchy stage, which may respire differently from the ripe stage the Kader figure describes",Kader classification table (peer-reviewed/extension compilation),Classification table,"Kader, A.A. (ed.) respiration-rate classification table, republished in UF/IFAS HOS5085C Postharvest Physiology lecture notes, sourced from USDA Agricultural Handbook 66",https://irrec.ifas.ufl.edu/postharvest/HOS_5085C/2022_lectures/08%20Respiration%20-%20Internal%20&%20Environmental%20Factors/08-Respiration-Internal%20&%20Environmental%20Factors.pdf,,,Medium,"Commodity group (related-species/stage proxy, explicitly flagged)","CAUTION: same species as ripe banana but different maturity/use stage (raw/green vs ripe) - proxy, not independently confirmed for the green/raw stage."
Plum (Prunus domestica),Plum,Prunus domestica,Fruits,High,Moderate,5,10,20,mg CO2/kg/hr,,5,General rule: respiration roughly doubles-to-quadruples per 10C rise (Q10~2-4); see specific multi-temperature rows (guava/litchi/jackfruit/pomegranate/mango/broccoli/turnip) for directly measured temperature-sensitivity examples,"Established literature classification (5C basis), not independently derived",Kader classification table (peer-reviewed/extension compilation),Classification table,"Kader, A.A. (ed.) respiration-rate classification table, republished in UF/IFAS HOS5085C Postharvest Physiology lecture notes, sourced from USDA Agricultural Handbook 66",https://irrec.ifas.ufl.edu/postharvest/HOS_5085C/2022_lectures/08%20Respiration%20-%20Internal%20&%20Environmental%20Factors/08-Respiration-Internal%20&%20Environmental%20Factors.pdf,,,High,Commodity (direct classification match),
"Pomegranate, maroon seeds (Punica granatum)",Pomegranate,Punica granatum,Fruits,High,Low (measured; non-climacteric),5-20,4.53,18.53,"mL CO2/kg/hr (whole fruit, peer-reviewed source)",less than 0.1-0.2 at 10-20C (UC Davis) vs 4.53-18.53 at 5-15C (Caleb et al. 2012),5-20,"Non-climacteric, low respiration overall; note a significant unresolved discrepancy between the two cited sources' absolute magnitude (flagged below) though both agree the rate is low relative to climacteric fruit and rises with temperature",Derived from two independent measured sources that do not numerically agree - kept both rather than silently picking one,UC Davis Postharvest Research and Extension Center + Caleb et al. (peer-reviewed),Produce Facts sheet + peer-reviewed journal article,"UC Davis Postharvest Technology Center Produce Facts (pomegranate); Caleb, O.J., Mahajan, P.V., Opara, U.L., Witthuhn, C.R., 'Modelling the respiration rates of pomegranate fruit and arils', Postharvest Biology and Technology 64(1), 49-54 (2012)",https://postharvest.ucdavis.edu/node/7971 ; doi:10.1016/j.postharvbio.2011.09.013,"Actively searched - an Indian study (phytojournal.com, Singh 2011 method) measuring pomegranate/aril respiration at 5/10/15C was found but exact rate values were not visible in the retrieved excerpt",,Medium,"Commodity (directly measured, source discrepancy noted)","FLAGGED DISCREPANCY: UC Davis states <0.1 uL/kg-hr at 10C and <0.2 uL/kg-hr at 20C (unusually low, possibly a unit transcription issue in the source), while the peer-reviewed Caleb et al. study reports whole-fruit CO2 production of 4.53-14.67 mL/kg-hr across 5-15C - roughly 4 orders of magnitude apart. Both sources agree pomegranate is a low, non-climacteric respirer; use the Caleb et al. peer-reviewed figures for any actual engineering calculation and treat the UC Davis figure as directionally confirmatory only"
Ponnaganni (Alternanthera sessilis),Ponnaganni,Alternanthera sessilis,Green Leafy Vegetables,High,N/A,5,,,,,,,Not derived - no reliable source identified,,,,,,,Low,N/A,No reliable respiration source identified for this species in this research pass despite targeted search effort
"Potato, brown skin, big (Solanum tuberosum); Potato, brown skin, small (Solanum tuberosum); Potato, red skin (Solanum tuberosum)",Potato,Solanum tuberosum,Roots and Tubers,High,Low,5 (41F),5,10,mg CO2/kg/hr,12,5 (41F),General rule: respiration roughly doubles-to-quadruples per 10C rise (Q10~2-4); see specific multi-temperature rows (guava/litchi/jackfruit/pomegranate/mango/broccoli/turnip) for directly measured temperature-sensitivity examples,"Established literature classification (5C basis), not independently derived",Kader classification table (peer-reviewed/extension compilation),Classification table,"Kader, A.A. (ed.) respiration-rate classification table, republished in UF/IFAS HOS5085C Postharvest Physiology lecture notes, sourced from USDA Agricultural Handbook 66",https://irrec.ifas.ufl.edu/postharvest/HOS_5085C/2022_lectures/08%20Respiration%20-%20Internal%20&%20Environmental%20Factors/08-Respiration-Internal%20&%20Environmental%20Factors.pdf,,,High,Commodity (direct classification match),Cross-checked against UVM Extension figure (derived from USDA Handbook 66) at its own stated temperature.
Pummelo (Citrus maxima),Pummelo,Citrus maxima,Fruits,High,Low,5,5,10,mg CO2/kg/hr,,5,General rule: respiration roughly doubles-to-quadruples per 10C rise (Q10~2-4); see specific multi-temperature rows (guava/litchi/jackfruit/pomegranate/mango/broccoli/turnip) for directly measured temperature-sensitivity examples,"Established literature classification (5C basis), not independently derived",Kader classification table (peer-reviewed/extension compilation),Classification table,"Kader, A.A. (ed.) respiration-rate classification table, republished in UF/IFAS HOS5085C Postharvest Physiology lecture notes, sourced from USDA Agricultural Handbook 66",https://irrec.ifas.ufl.edu/postharvest/HOS_5085C/2022_lectures/08%20Respiration%20-%20Internal%20&%20Environmental%20Factors/08-Respiration-Internal%20&%20Environmental%20Factors.pdf,,,High,Commodity (direct classification match),
"Pumpkin, green, cylindrical (Cucurbita maxima); Pumpkin, orange,  round (Cucurbita maxima)",Pumpkin,Cucurbita maxima,Other Vegetables,High,N/A,5,,,,,,,"Pumpkin is a winter/storage-type squash. A generic 'summer squash' Kader class (Moderate) does not represent it well, and a directly measured winter-squash figure found in a separate source (99 mg/kg/hr at 10C, see respiration_reference.csv) is far higher than the summer-squash class and was for winter squash generally, not pumpkin specifically - too much ambiguity to responsibly assign a class here without further species-specific search",,,,,,,Low,N/A,See respiration_reference.csv 'Winter Squash' row for the general winter-squash data point that motivated caution here; a dedicated pumpkin (Cucurbita maxima/moschata) search is recommended as follow-up
"Pumpkin leaves, tender (Cucurbita maxima)",Pumpkin leaves,Cucurbita maxima,Green Leafy Vegetables,High,N/A,5,,,,,,,Not derived - no reliable source identified,,,,,,,Low,N/A,No reliable respiration source identified for this species in this research pass despite targeted search effort
"Radish, elongate, red skin (Raphanus sativus); Radish, elongate, white skin (Raphanus sativus); Radish, round, red skin (Raphanus sativus); Radish, round, white skin (Raphanus sativus)",Radish,Raphanus sativus,Roots and Tubers,High,Moderate,5,10,20,mg CO2/kg/hr,,5,General rule: respiration roughly doubles-to-quadruples per 10C rise (Q10~2-4); see specific multi-temperature rows (guava/litchi/jackfruit/pomegranate/mango/broccoli/turnip) for directly measured temperature-sensitivity examples,"Established literature classification (5C basis), not independently derived",Kader classification table (peer-reviewed/extension compilation),Classification table,"Kader, A.A. (ed.) respiration-rate classification table, republished in UF/IFAS HOS5085C Postharvest Physiology lecture notes, sourced from USDA Agricultural Handbook 66",https://irrec.ifas.ufl.edu/postharvest/HOS_5085C/2022_lectures/08%20Respiration%20-%20Internal%20&%20Environmental%20Factors/08-Respiration-Internal%20&%20Environmental%20Factors.pdf,,,High,Commodity (direct classification match),
Radish leaves (Raphanus sativus),Radish leaves,Raphanus sativus,Green Leafy Vegetables,High,N/A,5,,,,,,,"Kader's 'radish (with tops)' classification (High, 20-40 mg/kg/hr) describes the whole radish-with-attached-leaves assembly, not isolated leaves alone - not applied to avoid misrepresenting an assembly measurement as a leaf-only value",,,,,,,Low,N/A,"No reliable source found for isolated radish leaves specifically; do not confuse with the 'Radish (with tops)' Kader entry, which measures the whole plant, not leaves alone"
"Raisins, dried, black (Vitis vinifera); Raisins, dried, golden (Vitis vinifera)",Raisins,Vitis vinifera,Fruits,High,Very Low (proxy - see caution),5,0,5,mg CO2/kg/hr,,5,,"PROXIED from Kader's general 'dried fruits' classification (Very Low, <5 mg/kg/hr) - raisins are dried grapes, dried-fruit tissue generally has very low respiration due to low water activity",Kader classification table (peer-reviewed/extension compilation),Classification table,"Kader, A.A. (ed.) respiration-rate classification table, republished in UF/IFAS HOS5085C Postharvest Physiology lecture notes, sourced from USDA Agricultural Handbook 66",https://irrec.ifas.ufl.edu/postharvest/HOS_5085C/2022_lectures/08%20Respiration%20-%20Internal%20&%20Environmental%20Factors/08-Respiration-Internal%20&%20Environmental%20Factors.pdf,,,Medium,"Commodity group (related-category proxy, explicitly flagged)","CAUTION: general dried-fruit proxy, not a raisin-specific measurement."
Rambutan (Nephelium lappaceum),Rambutan,Nephelium lappaceum,Fruits,High,N/A,5,,,,,,,Not derived - no reliable source identified,,,,,,,Low,N/A,No reliable respiration source identified for this species in this research pass despite targeted search effort
"Red gram, tender, fresh (Cajanus cajan)",Red gram,Cajanus cajan,Other Vegetables,High,N/A,5,,,,,,,Not derived - no reliable source identified,,,,,,,Low,N/A,No reliable respiration source identified for this species in this research pass despite targeted search effort
"Ridge gourd (Luffa acutangula); Ridge gourd, smooth skin (Luffa acutangula)",Ridge gourd,Luffa acutangula,Other Vegetables,High,N/A,5,,,,,,,Not derived - no reliable source identified,,,,,,,Low,N/A,No reliable respiration source identified for this species in this research pass despite targeted search effort
Rumex leaves (Rumex patientia),Rumex leaves,Rumex patientia,Green Leafy Vegetables,High,N/A,5,,,,,,,Not derived - no reliable source identified,,,,,,,Low,N/A,No reliable respiration source identified for this species in this research pass despite targeted search effort
Sapota (Achras sapota),Sapota,Achras sapota,Fruits,High,N/A,5,,,,,,,Not derived - no reliable source identified,,,,,,,Low,N/A,No reliable respiration source identified for this species in this research pass despite targeted search effort
"Shiitake mushroom, fresh (Lentinula sp.)",Shiitake mushroom,Lentinula sp.,Mushrooms,High,Extremely High (proxy - see caution),5,60,,mg CO2/kg/hr,,5,,"PROXIED from Kader's generic 'mushroom' classification (Extremely High, >60 mg/kg/hr at 5C, based on the common cultivated Agaricus species) - fungal respiration is generally very high across cultivated species but this exact species was not independently confirmed",Kader classification table (peer-reviewed/extension compilation),Classification table,"Kader, A.A. (ed.) respiration-rate classification table, republished in UF/IFAS HOS5085C Postharvest Physiology lecture notes, sourced from USDA Agricultural Handbook 66",https://irrec.ifas.ufl.edu/postharvest/HOS_5085C/2022_lectures/08%20Respiration%20-%20Internal%20&%20Environmental%20Factors/08-Respiration-Internal%20&%20Environmental%20Factors.pdf,,,Medium,"Commodity group (related-species proxy, explicitly flagged)","CAUTION: related-species proxy from generic Agaricus mushroom data, not confirmed for this specific fungal species."
"Snake gourd, short (Trichosanthes anguina)",Snake gourd,Trichosanthes anguina,Other Vegetables,High,N/A,5,,,,,,,Not derived - no reliable source identified,,,,,,,Low,N/A,No reliable respiration source identified for this species in this research pass despite targeted search effort
Soursop (Annona muricata),Soursop,Annona muricata,Fruits,High,N/A,5,,,,,,,Not derived - no reliable source identified,,,,,,,Low,N/A,No reliable respiration source identified for this species in this research pass despite targeted search effort
Spinach (Spinacia oleracea),Spinach,Spinacia oleracea,Green Leafy Vegetables,High,Extremely High,5,60,,mg CO2/kg/hr,,5,General rule: respiration roughly doubles-to-quadruples per 10C rise (Q10~2-4); see specific multi-temperature rows (guava/litchi/jackfruit/pomegranate/mango/broccoli/turnip) for directly measured temperature-sensitivity examples,"Established literature classification (5C basis), not independently derived",Kader classification table (peer-reviewed/extension compilation),Classification table,"Kader, A.A. (ed.) respiration-rate classification table, republished in UF/IFAS HOS5085C Postharvest Physiology lecture notes, sourced from USDA Agricultural Handbook 66",https://irrec.ifas.ufl.edu/postharvest/HOS_5085C/2022_lectures/08%20Respiration%20-%20Internal%20&%20Environmental%20Factors/08-Respiration-Internal%20&%20Environmental%20Factors.pdf,,,High,Commodity (direct classification match),
Star fruit (Averrhoa carambola),Star fruit,Averrhoa carambola,Fruits,High,N/A,5,,,,,,,Not derived - no reliable source identified,,,,,,,Low,N/A,No reliable respiration source identified for this species in this research pass despite targeted search effort
Strawberry (Fragaria x ananassa),Strawberry,Fragaria x ananassa,Fruits,High,High,5,20,40,mg CO2/kg/hr,,5,General rule: respiration roughly doubles-to-quadruples per 10C rise (Q10~2-4); see specific multi-temperature rows (guava/litchi/jackfruit/pomegranate/mango/broccoli/turnip) for directly measured temperature-sensitivity examples,"Established literature classification (5C basis), not independently derived",Kader classification table (peer-reviewed/extension compilation),Classification table,"Kader, A.A. (ed.) respiration-rate classification table, republished in UF/IFAS HOS5085C Postharvest Physiology lecture notes, sourced from USDA Agricultural Handbook 66",https://irrec.ifas.ufl.edu/postharvest/HOS_5085C/2022_lectures/08%20Respiration%20-%20Internal%20&%20Environmental%20Factors/08-Respiration-Internal%20&%20Environmental%20Factors.pdf,,,High,Commodity (direct classification match),
"Sweet potato, brown skin (Ipomoea batatas); Sweet potato, pink skin (Ipomoea batatas)",Sweet potato,Ipomoea batatas,Roots and Tubers,High,Low,15 (59F),5,10,mg CO2/kg/hr,20,15 (59F),General rule: respiration roughly doubles-to-quadruples per 10C rise (Q10~2-4); see specific multi-temperature rows (guava/litchi/jackfruit/pomegranate/mango/broccoli/turnip) for directly measured temperature-sensitivity examples,"Established literature classification (5C basis), not independently derived",Kader classification table (peer-reviewed/extension compilation),Classification table,"Kader, A.A. (ed.) respiration-rate classification table, republished in UF/IFAS HOS5085C Postharvest Physiology lecture notes, sourced from USDA Agricultural Handbook 66",https://irrec.ifas.ufl.edu/postharvest/HOS_5085C/2022_lectures/08%20Respiration%20-%20Internal%20&%20Environmental%20Factors/08-Respiration-Internal%20&%20Environmental%20Factors.pdf,,,High,Commodity (direct classification match),Cross-checked against UVM Extension figure (derived from USDA Handbook 66) at its own stated temperature.
"Tamarind, pulp (Tamarindus indica)",Tamarind,Tamarindus indica,Fruits,High,N/A,5,,,,,,,Not derived - no reliable source identified,,,,,,,Low,N/A,No reliable respiration source identified for this species in this research pass despite targeted search effort
"Tamarind leaves, tende r (Tamarindus indica)",Tamarind leaves,Tamarindus indica,Green Leafy Vegetables,High,N/A,5,,,,,,,Not derived - no reliable source identified,,,,,,,Low,N/A,No reliable respiration source identified for this species in this research pass despite targeted search effort
Tapioca (Manihot esculenta),Tapioca,Manihot esculenta,Roots and Tubers,High,N/A,5,,,,,,,Not derived - no reliable source identified,,,,,,,Low,N/A,No reliable respiration source identified for this species in this research pass despite targeted search effort
"Tinda, tender (Praecitrullus fistulosus)",Tinda,Praecitrullus fistulosus,Other Vegetables,High,N/A,5,,,,,,,Not derived - no reliable source identified,,,,,,,Low,N/A,No reliable respiration source identified for this species in this research pass despite targeted search effort
"Tomato, green ( )Solanum lycopersicum; Tomato, ripe, hybrid (( )Solanum lycopersicum; Tomato, ripe, local (Lycopersicon esculentum)",Tomato,Lycopersicon esculentum,Other Vegetables,High,Moderate,10-15.5 (50-60F),10,20,mg CO2/kg/hr,19,10-15.5 (50-60F),General rule: respiration roughly doubles-to-quadruples per 10C rise (Q10~2-4); see specific multi-temperature rows (guava/litchi/jackfruit/pomegranate/mango/broccoli/turnip) for directly measured temperature-sensitivity examples,"Established literature classification (5C basis), not independently derived",Kader classification table (peer-reviewed/extension compilation),Classification table,"Kader, A.A. (ed.) respiration-rate classification table, republished in UF/IFAS HOS5085C Postharvest Physiology lecture notes, sourced from USDA Agricultural Handbook 66",https://irrec.ifas.ufl.edu/postharvest/HOS_5085C/2022_lectures/08%20Respiration%20-%20Internal%20&%20Environmental%20Factors/08-Respiration-Internal%20&%20Environmental%20Factors.pdf,,,High,Commodity (direct classification match),Cross-checked against UVM Extension figure (derived from USDA Handbook 66) at its own stated temperature.
Water Chestnut (Eleocharis dulcis),Water Chestnut,Eleocharis dulcis,Roots and Tubers,High,N/A,5,,,,,,,Not derived - no reliable source identified,,,,,,,Low,N/A,No reliable respiration source identified for this species in this research pass despite targeted search effort
"Water melon, pale green (Citrullus vulgaris)",Water melon,Citrullus vulgaris,Fruits,High,Low,5,5,10,mg CO2/kg/hr,,5,General rule: respiration roughly doubles-to-quadruples per 10C rise (Q10~2-4); see specific multi-temperature rows (guava/litchi/jackfruit/pomegranate/mango/broccoli/turnip) for directly measured temperature-sensitivity examples,"Established literature classification (5C basis), not independently derived",Kader classification table (peer-reviewed/extension compilation),Classification table,"Kader, A.A. (ed.) respiration-rate classification table, republished in UF/IFAS HOS5085C Postharvest Physiology lecture notes, sourced from USDA Agricultural Handbook 66",https://irrec.ifas.ufl.edu/postharvest/HOS_5085C/2022_lectures/08%20Respiration%20-%20Internal%20&%20Environmental%20Factors/08-Respiration-Internal%20&%20Environmental%20Factors.pdf,,,High,Commodity (direct classification match),
Wood Apple (Limonia acidissima),Wood Apple,Limonia acidissima,Fruits,High,N/A,5,,,,,,,Not derived - no reliable source identified,,,,,,,Low,N/A,No reliable respiration source identified for this species in this research pass despite targeted search effort
"Yam, elephant (Amorphophallus campanulatus); Yam, ordinary ( )Amorphophallus sp.; Yam, wild ( )Dioscorea villosa",Yam,Amorphophallus campanulatus,Roots and Tubers,High,N/A,5,,,,,,,Not derived - no reliable source identified,,,,,,,Low,N/A,No reliable respiration source identified for this species in this research pass despite targeted search effort
"Zucchini, green (Cucurbita pepo); Zucchini, yellow  (Cucurbita pepo)",Zucchini,Cucurbita pepo,Other Vegetables,High,Moderate,5,10,20,mg CO2/kg/hr,,5,General rule: respiration roughly doubles-to-quadruples per 10C rise (Q10~2-4); see specific multi-temperature rows (guava/litchi/jackfruit/pomegranate/mango/broccoli/turnip) for directly measured temperature-sensitivity examples,"Established literature classification (5C basis), not independently derived",Kader classification table (peer-reviewed/extension compilation),Classification table,"Kader, A.A. (ed.) respiration-rate classification table, republished in UF/IFAS HOS5085C Postharvest Physiology lecture notes, sourced from USDA Agricultural Handbook 66",https://irrec.ifas.ufl.edu/postharvest/HOS_5085C/2022_lectures/08%20Respiration%20-%20Internal%20&%20Environmental%20Factors/08-Respiration-Internal%20&%20Environmental%20Factors.pdf,,,High,Commodity (direct classification match),
[all Grain Legumes entries in source dataset],Grain Legumes,,Grain Legumes,Low-Moderate (moisture-dependent - see notes),N/A,,,,,,,,"Cereal grains, pulses and oilseeds are metabolically near-dormant when properly dried and stored below approximately 13-15% moisture content (wet basis); respiration and dry-matter loss rise sharply above this threshold and are governed primarily by moisture content and temperature rather than a fixed per-commodity rate.",FAO,Category-level general principle,"FAO Controlled Atmosphere Storage Technology (CAST) reference document, citing Hall, C.W. (1970) and Teter, N.C. (1979, 1981) grain dry-matter-loss/CO2-evolution equations; corroborated by peer-reviewed grain-storage studies (e.g. maize, soybean, barley dry-matter-loss-vs-moisture studies)",https://www.fao.org/4/x5048E/x5048E0u.htm,,,Medium,"Commodity group (category-level, not species-specific)","This is a single consolidated row representing all individual food items in the 'Grain Legumes' category of the source dataset, rather than one row per item, because respiration is not a meaningful per-item packaging factor for this category (see respiration_relevance)."
[all Cereals and Millets entries in source dataset],Cereals and Millets,,Cereals and Millets,Low-Moderate (moisture-dependent - see notes),N/A,,,,,,,,"Cereal grains, pulses and oilseeds are metabolically near-dormant when properly dried and stored below approximately 13-15% moisture content (wet basis); respiration and dry-matter loss rise sharply above this threshold and are governed primarily by moisture content and temperature rather than a fixed per-commodity rate.",FAO,Category-level general principle,"FAO Controlled Atmosphere Storage Technology (CAST) reference document, citing Hall, C.W. (1970) and Teter, N.C. (1979, 1981) grain dry-matter-loss/CO2-evolution equations; corroborated by peer-reviewed grain-storage studies (e.g. maize, soybean, barley dry-matter-loss-vs-moisture studies)",https://www.fao.org/4/x5048E/x5048E0u.htm,,,Medium,"Commodity group (category-level, not species-specific)","This is a single consolidated row representing all individual food items in the 'Cereals and Millets' category of the source dataset, rather than one row per item, because respiration is not a meaningful per-item packaging factor for this category (see respiration_relevance)."
[all Nuts and Oil Seeds entries in source dataset],Nuts and Oil Seeds,,Nuts and Oil Seeds,Low-Moderate (moisture-dependent - see notes),N/A,,,,,,,,"Cereal grains, pulses and oilseeds are metabolically near-dormant when properly dried and stored below approximately 13-15% moisture content (wet basis); respiration and dry-matter loss rise sharply above this threshold and are governed primarily by moisture content and temperature rather than a fixed per-commodity rate.",FAO,Category-level general principle,"FAO Controlled Atmosphere Storage Technology (CAST) reference document, citing Hall, C.W. (1970) and Teter, N.C. (1979, 1981) grain dry-matter-loss/CO2-evolution equations; corroborated by peer-reviewed grain-storage studies (e.g. maize, soybean, barley dry-matter-loss-vs-moisture studies)",https://www.fao.org/4/x5048E/x5048E0u.htm,,,Medium,"Commodity group (category-level, not species-specific)","This is a single consolidated row representing all individual food items in the 'Nuts and Oil Seeds' category of the source dataset, rather than one row per item, because respiration is not a meaningful per-item packaging factor for this category (see respiration_relevance)."
[all Sugars entries in source dataset],Sugars,,Sugars,Low,N/A,,,,,,,,Refined/processed sugar product; not a living tissue - respiration is not applicable.,N/A,N/A,N/A - not a respiration-relevant commodity,,,,High,"Commodity group (category-level, not species-specific)","This is a single consolidated row representing all individual food items in the 'Sugars' category of the source dataset, rather than one row per item, because respiration is not a meaningful per-item packaging factor for this category (see respiration_relevance)."
[all Condiments and Spices entries in source dataset],Condiments and Spices,,Condiments and Spices,Low,N/A,,,,,,,,"Predominantly dried/processed spice products; packaging design is governed by moisture, oxidation and volatile-aroma retention, not respiration.",N/A,N/A,N/A - not a respiration-relevant commodity for the dried form,,,,Medium,"Commodity group (category-level, not species-specific)","This is a single consolidated row representing all individual food items in the 'Condiments and Spices' category of the source dataset, rather than one row per item, because respiration is not a meaningful per-item packaging factor for this category (see respiration_relevance)."
[all Animal Meat entries in source dataset],Animal Meat,,Animal Meat,Low,N/A,,,,,,,,"Not a living, respiring plant tissue post-slaughter; packaging design is governed by oxidation, moisture, microbial growth and cold-chain integrity rather than respiration/MAP gas exchange in the produce-physiology sense.",N/A,N/A,N/A - not a respiration-relevant commodity,,,,High,"Commodity group (category-level, not species-specific)","This is a single consolidated row representing all individual food items in the 'Animal Meat' category of the source dataset, rather than one row per item, because respiration is not a meaningful per-item packaging factor for this category (see respiration_relevance)."
[all Marine Fish entries in source dataset],Marine Fish,,Marine Fish,Low,N/A,,,,,,,,Same rationale as Animal Meat above.,N/A,N/A,N/A - not a respiration-relevant commodity,,,,High,"Commodity group (category-level, not species-specific)","This is a single consolidated row representing all individual food items in the 'Marine Fish' category of the source dataset, rather than one row per item, because respiration is not a meaningful per-item packaging factor for this category (see respiration_relevance)."
[all Poultry entries in source dataset],Poultry,,Poultry,Low,N/A,,,,,,,,Same rationale as Animal Meat above.,N/A,N/A,N/A - not a respiration-relevant commodity,,,,High,"Commodity group (category-level, not species-specific)","This is a single consolidated row representing all individual food items in the 'Poultry' category of the source dataset, rather than one row per item, because respiration is not a meaningful per-item packaging factor for this category (see respiration_relevance)."
[all Freshwater Fish and Shellfish entries in source dataset],Freshwater Fish and Shellfish,,Freshwater Fish and Shellfish,Low,N/A,,,,,,,,Same rationale as Animal Meat above.,N/A,N/A,N/A - not a respiration-relevant commodity,,,,High,"Commodity group (category-level, not species-specific)","This is a single consolidated row representing all individual food items in the 'Freshwater Fish and Shellfish' category of the source dataset, rather than one row per item, because respiration is not a meaningful per-item packaging factor for this category (see respiration_relevance)."
[all Marine Shellfish entries in source dataset],Marine Shellfish,,Marine Shellfish,Low,N/A,,,,,,,,Same rationale as Animal Meat above.,N/A,N/A,N/A - not a respiration-relevant commodity,,,,High,"Commodity group (category-level, not species-specific)","This is a single consolidated row representing all individual food items in the 'Marine Shellfish' category of the source dataset, rather than one row per item, because respiration is not a meaningful per-item packaging factor for this category (see respiration_relevance)."
[all Marine Mollusks entries in source dataset],Marine Mollusks,,Marine Mollusks,Low,N/A,,,,,,,,Same rationale as Animal Meat above.,N/A,N/A,N/A - not a respiration-relevant commodity,,,,High,"Commodity group (category-level, not species-specific)","This is a single consolidated row representing all individual food items in the 'Marine Mollusks' category of the source dataset, rather than one row per item, because respiration is not a meaningful per-item packaging factor for this category (see respiration_relevance)."
[all Egg and Egg Products entries in source dataset],Egg and Egg Products,,Egg and Egg Products,Low,N/A,,,,,,,,"Eggshell is porous and eggs do undergo slow gas exchange/moisture loss during storage, but this is not classical produce respiration; governed by shell porosity, moisture loss and microbial ingress risk instead.",N/A,N/A,N/A - not a respiration-relevant commodity in the produce-physiology sense,,,,High,"Commodity group (category-level, not species-specific)","This is a single consolidated row representing all individual food items in the 'Egg and Egg Products' category of the source dataset, rather than one row per item, because respiration is not a meaningful per-item packaging factor for this category (see respiration_relevance)."
[all Milk and Milk Products entries in source dataset],Milk and Milk Products,,Milk and Milk Products,Low,N/A,,,,,,,,"Not a living tissue; packaging design governed by microbial/oxidative spoilage and light/oxygen sensitivity, not respiration.",N/A,N/A,N/A - not a respiration-relevant commodity,,,,High,"Commodity group (category-level, not species-specific)","This is a single consolidated row representing all individual food items in the 'Milk and Milk Products' category of the source dataset, rather than one row per item, because respiration is not a meaningful per-item packaging factor for this category (see respiration_relevance)."
[all Miscellaneous Foods (beverages) entries in source dataset],Miscellaneous Foods (beverages),,Miscellaneous Foods (beverages),Low,N/A,,,,,,,,Not a living tissue; not applicable.,N/A,N/A,N/A - not a respiration-relevant commodity,,,,High,"Commodity group (category-level, not species-specific)","This is a single consolidated row representing all individual food items in the 'Miscellaneous Foods (beverages)' category of the source dataset, rather than one row per item, because respiration is not a meaningful per-item packaging factor for this category (see respiration_relevance)."
